"","weighted_mean.X1981_si.x_fbi_anom","weighted_mean.X1982_si.x_fbi_anom","weighted_mean.X1983_si.x_fbi_anom","weighted_mean.X1984_si.x_fbi_anom","weighted_mean.X1985_si.x_fbi_anom","weighted_mean.X1986_si.x_fbi_anom","weighted_mean.X1987_si.x_fbi_anom","weighted_mean.X1988_si.x_fbi_anom","weighted_mean.X1989_si.x_fbi_anom","weighted_mean.X1990_si.x_fbi_anom","weighted_mean.X1991_si.x_fbi_anom","weighted_mean.X1992_si.x_fbi_anom","weighted_mean.X1993_si.x_fbi_anom","weighted_mean.X1994_si.x_fbi_anom","weighted_mean.X1995_si.x_fbi_anom","weighted_mean.X1996_si.x_fbi_anom","weighted_mean.X1997_si.x_fbi_anom","weighted_mean.X1998_si.x_fbi_anom","weighted_mean.X1999_si.x_fbi_anom","weighted_mean.X2000_si.x_fbi_anom","weighted_mean.X2001_si.x_fbi_anom","weighted_mean.X2002_si.x_fbi_anom","weighted_mean.X2003_si.x_fbi_anom","weighted_mean.X2004_si.x_fbi_anom","weighted_mean.X2005_si.x_fbi_anom","weighted_mean.X2006_si.x_fbi_anom","weighted_mean.X2007_si.x_fbi_anom","weighted_mean.X2008_si.x_fbi_anom","weighted_mean.X2009_si.x_fbi_anom","weighted_mean.X2010_si.x_fbi_anom","weighted_mean.X2011_si.x_fbi_anom","weighted_mean.X2012_si.x_fbi_anom","weighted_mean.X2013_si.x_fbi_anom","weighted_mean.X2014_si.x_fbi_anom","weighted_mean.X2015_si.x_fbi_anom","weighted_mean.X2016_si.x_fbi_anom","weighted_mean.X2017_si.x_fbi_anom","weighted_mean.X2018_si.x_fbi_anom","weighted_mean.X2019_si.x_fbi_anom","weighted_mean.X2020_si.x_fbi_anom","weighted_mean.X2021_si.x_fbi_anom"
"Mt. Hood National Forest",6.12427234649658,15.150595664978,0.585064649581909,16.5843887329102,7.35286951065063,-0.342864453792572,-10.6400909423828,5.87722158432007,-2.721027135849,-6.90043354034424,13.0319633483887,-21.7063903808594,3.87193536758423,-9.11241626739502,0.386214911937714,2.88562154769897,0.176129564642906,-0.366558879613876,15.2324266433716,4.13644790649414,2.91742777824402,9.03454113006592,2.08374309539795,-9.26550388336182,-3.67788767814636,0.382772654294968,-3.34774351119995,14.9072256088257,7.07425022125244,7.70874071121216,20.9567890167236,7.2142539024353,-4.18330001831055,-4.61771154403687,-22.7494812011719,-18.8798656463623,5.68638277053833,-3.7715950012207,-1.72348308563232,0.321564018726349,0.745574414730072
"Gifford Pinchot National Forest",4.20445775985718,12.5486907958984,-4.34170961380005,15.4061079025269,8.94877147674561,-3.44274520874023,-11.9565286636353,3.234379529953,-1.86884784698486,-3.13308143615723,11.7028436660767,-21.0769329071045,3.3596510887146,-6.9695463180542,-1.8154901266098,6.07438373565674,3.74879169464111,-0.568861842155457,16.4559879302979,6.72148561477661,5.44648790359497,10.6417026519775,0.927452206611633,-8.05838489532471,-6.74262094497681,-1.10137701034546,-2.95485472679138,14.0703210830688,4.67895221710205,4.1894097328186,20.9243755340576,8.31332206726074,-2.28497290611267,-4.99421977996826,-23.3903369903564,-18.7453441619873,4.68616104125977,-5.57713985443115,-4.86150598526001,1.76315867900848,1.95420932769775
"Eldorado National Forest",4.02518320083618,17.366678237915,16.7226409912109,5.38946151733398,4.73524284362793,-7.11897277832031,-2.84965896606445,-2.60973191261292,1.39727318286896,0.823716521263123,7.37627267837524,-11.8253135681152,6.48993349075317,-2.40079689025879,9.27219486236572,-2.17829132080078,-6.24857521057129,20.1291961669922,14.3447036743164,-0.89765328168869,-2.61512994766235,0.436622232198715,1.42911946773529,-7.91514253616333,4.59401273727417,5.22223424911499,-9.16708850860596,3.37116456031799,0.820829749107361,13.1095190048218,18.6130352020264,0.502035140991211,-5.96760129928589,-14.414794921875,-22.5083427429199,-9.79501342773438,1.1255441904068,-0.757581114768982,8.75634670257568,-4.47444343566895,-0.160182744264603
"Coconino National Forest",0.918476760387421,8.72932624816895,16.3084335327148,5.12532663345337,2.29872751235962,-6.88429927825928,8.04340648651123,6.7761664390564,-9.15534687042236,4.32576751708984,13.2238731384277,3.40731263160706,3.85738825798035,4.57380723953247,5.33949613571167,-4.6653618812561,2.0729672908783,20.0377864837646,3.68273496627808,-1.00674986839294,5.04711484909058,-1.91782236099243,4.85434865951538,-2.54448843002319,4.8329963684082,1.43537747859955,-4.2539496421814,5.22315216064453,-2.29831624031067,11.2463788986206,1.30721759796143,-2.49115014076233,-1.0024585723877,-11.0390434265137,-17.4891929626465,-11.0271034240723,-10.8078107833862,-8.01492309570312,2.64585709571838,0.216152504086494,0.607988893985748
"Tonto National Forest",1.58379530906677,7.74082040786743,11.9897994995117,4.5788197517395,7.38105964660645,-6.33122444152832,8.32973384857178,5.13126373291016,-1.56433176994324,8.06553268432617,5.80303382873535,4.31193351745605,4.1941032409668,5.59330177307129,0.937318623065948,-4.63608503341675,2.3997049331665,15.2909774780273,-2.39179015159607,-5.16649913787842,9.40741539001465,0.961926519870758,-2.96712565422058,2.23613524436951,0.2428347915411,-2.18667387962341,-0.311870813369751,5.60976362228394,-5.3652172088623,8.88576507568359,3.89896559715271,-0.552934944629669,4.84259510040283,-10.7417936325073,-14.3441820144653,-8.86179256439209,-5.75282526016235,-6.61949777603149,8.15793418884277,1.84074926376343,-2.07499194145203
"Lolo National Forest",4.33084678649902,8.45636940002441,2.36605620384216,14.9573602676392,-3.08592391014099,-4.92403268814087,-17.6157112121582,-1.54536557197571,3.40608429908752,8.91603183746338,11.9468173980713,-10.8027210235596,-2.24432969093323,-3.91289949417114,6.53458452224731,10.63623046875,2.49047470092773,-2.30042290687561,8.45916652679443,1.1024272441864,-0.181402236223221,9.85873222351074,0.52925431728363,-0.570122063159943,1.56164467334747,-7.28347444534302,-8.83749198913574,9.9724588394165,0.98252409696579,9.99576377868652,13.799186706543,0.866722941398621,-3.36836695671082,-0.67042487859726,-10.8367853164673,-13.3942937850952,-3.01821899414062,-8.24964237213135,-1.8546382188797,3.72854614257812,2.79718613624573
"Flathead National Forest",3.6103687286377,7.3831992149353,3.09225988388062,12.2201662063599,-2.76372456550598,-6.55752372741699,-16.5752849578857,-4.31972360610962,3.33072519302368,8.66090106964111,9.91469383239746,-9.38166332244873,-2.13961386680603,-2.79642176628113,5.86461639404297,9.59732151031494,3.39991188049316,-3.12630343437195,6.97574758529663,2.75051379203796,0.621637105941772,9.04461288452148,-0.478101253509521,1.26433598995209,1.24067938327789,-7.76397466659546,-8.50129699707031,7.99751901626587,1.12081706523895,9.06915760040283,13.2843065261841,1.55321979522705,-3.16986799240112,0.010834839195013,-9.50221729278564,-11.3684005737305,-4.35083246231079,-9.36321926116943,-0.999445676803589,4.03410196304321,2.10907816886902
"Nez Perce-Clearwater National Forest",3.37622117996216,8.88735389709473,1.39897763729095,16.7436351776123,-1.17388200759888,-2.81921648979187,-14.9396781921387,-0.0611683912575245,1.01651120185852,3.44897246360779,13.0268545150757,-13.1809616088867,-0.454470098018646,-4.98327684402466,5.39845895767212,9.8995418548584,2.17117476463318,-0.57206255197525,11.3090763092041,-0.478699713945389,0.320785313844681,8.57673645019531,1.2876935005188,-4.51965761184692,-1.07273018360138,-5.62993431091309,-8.46069145202637,10.2466917037964,1.71471726894379,9.44835948944092,16.5447406768799,1.74909424781799,-3.16545534133911,-0.719688653945923,-12.3942289352417,-15.2520666122437,-0.322876304388046,-7.20505571365356,-2.25037407875061,3.68449997901917,1.03253364562988
"Idaho Panhandle National Forests",3.93565893173218,7.53779554367065,0.458545535802841,16.0020923614502,-0.215510725975037,-0.595112562179565,-13.893009185791,1.31518828868866,1.68588149547577,6.56302547454834,12.0040941238403,-10.6874103546143,-3.170334815979,-5.7637767791748,2.64543414115906,12.1001024246216,3.31678605079651,-7.24683475494385,11.115761756897,3.81512212753296,2.41212677955627,10.7805480957031,3.57836937904358,-4.86200857162476,-3.85263299942017,-5.03977394104004,-6.6220850944519,9.51193046569824,2.938889503479,7.60614061355591,15.2527990341187,3.90625095367432,-3.45874357223511,-0.61639803647995,-11.4602422714233,-17.3007049560547,0.944056808948517,-7.29904127120972,-4.09190559387207,4.33394527435303,0.607296764850616
"Bitterroot National Forest",5.96815490722656,9.12496948242188,3.40338397026062,16.4368648529053,-2.99240112304688,-6.63065385818481,-16.1508979797363,-2.54638719558716,2.43976879119873,7.88127136230469,12.5006608963013,-11.8158760070801,1.10014569759369,-3.06031060218811,8.90142250061035,9.19827651977539,1.14865708351135,4.13112640380859,7.91123819351196,-0.901647686958313,-2.15691423416138,6.38497495651245,-1.47514748573303,-0.915717363357544,3.64768934249878,-8.19041347503662,-9.93781852722168,8.65171909332275,0.169731885194778,11.2667808532715,14.461443901062,0.633459627628326,-4.02003002166748,-0.312669187784195,-10.4025430679321,-11.5545711517334,-2.71775960922241,-8.15947437286377,-2.58175420761108,2.56048655509949,0.911973714828491
"Custer Gallatin National Forest",-5.42915296554565,7.49109029769897,9.45789813995361,8.77878952026367,-6.73468589782715,-2.46572470664978,-13.8890609741211,-4.38507127761841,0.595361828804016,5.48867893218994,4.7191424369812,-9.38092994689941,2.63034272193909,-4.68441724777222,10.7617521286011,7.0723705291748,1.21236050128937,2.35671281814575,4.13052320480347,-3.79663991928101,-3.41056275367737,8.3751392364502,-2.41491055488586,-3.44504046440125,1.93734335899353,-5.80993127822876,-8.44654560089111,9.59228897094727,3.298015832901,7.4247350692749,11.8308219909668,-11.3223180770874,0.453227132558823,2.57520389556885,-9.24699211120605,-6.16107606887817,-5.65334272384644,-2.85927081108093,9.47526359558105,3.43113994598389,2.65981459617615
"Santa Fe National Forest",-0.947531342506409,8.66307926177979,17.1863803863525,10.5641508102417,3.16803002357483,-3.9286687374115,8.14106369018555,7.51528596878052,-6.18884992599487,5.83161449432373,10.1963186264038,1.12973082065582,7.98560762405396,2.99491000175476,8.03498458862305,-2.38136434555054,4.16477251052856,10.3389749526978,5.53956604003906,-4.99918174743652,0.302419245243073,-6.12568378448486,1.36520981788635,-1.47149085998535,4.85360717773438,-5.50961637496948,-0.181129783391953,5.66222238540649,-1.60119414329529,6.86685562133789,-1.82189273834229,-7.35742568969727,0.235044807195663,1.25017011165619,-5.93802070617676,-0.158547148108482,-10.9214601516724,-7.40321731567383,2.56138849258423,-3.20922923088074,0.722853660583496
"Dakota Prairie Grasslands",-12.5512390136719,2.22303771972656,9.27414131164551,3.7788565158844,-11.2341585159302,0.364782482385635,-13.9231204986572,-3.97201204299927,-2.69711661338806,1.35428130626678,-0.769594848155975,-6.40675592422485,-3.5461745262146,-2.4650981426239,8.23369979858398,9.60877418518066,2.7369544506073,-4.5501766204834,-0.902777493000031,-5.16651630401611,-3.87809705734253,10.9536867141724,-4.03427743911743,-0.256372183561325,-1.44774913787842,-4.68839502334595,-8.73029804229736,6.5885443687439,5.1834511756897,2.22284770011902,10.0688724517822,-13.6258869171143,5.99569320678711,7.03960227966309,-3.00540542602539,-2.33146452903748,-4.78731393814087,0.991552650928497,10.6134872436523,5.21524906158447,3.95110654830933
"Helena-Lewis and Clark National Forest",2.41970801353455,10.0949268341064,6.51368856430054,10.815185546875,-4.66173505783081,-3.61125159263611,-18.1495990753174,-5.61116981506348,3.54533767700195,7.25182962417603,6.7196798324585,-11.3907442092896,-0.706941246986389,-4.24425029754639,8.90692329406738,8.51382064819336,1.19641029834747,-0.183097004890442,5.63522720336914,-1.38622558116913,-1.61039471626282,9.35909938812256,-0.700303852558136,0.985281705856323,3.20417189598083,-8.71010780334473,-9.96459197998047,8.49691390991211,2.4843897819519,8.90566825866699,13.6048421859741,-5.64635848999023,-1.56325089931488,0.872262537479401,-8.1591215133667,-6.93164968490601,-5.6981635093689,-6.37898015975952,5.57369756698608,3.52710032463074,4.36312198638916
"Kootenai National Forest",3.85567474365234,7.93467712402344,0.951139450073242,16.5630950927734,-0.473701655864716,-2.59984278678894,-13.5724725723267,1.0302095413208,4.12668752670288,10.0018577575684,11.9798564910889,-8.77733993530273,-4.59841680526733,-3.80164670944214,3.97722101211548,12.6221294403076,4.12260770797729,-6.79272222518921,9.49563312530518,4.94682312011719,1.77065634727478,10.3790473937988,2.40762257575989,-3.00512170791626,-1.71784853935242,-6.0705304145813,-8.13047409057617,8.81050682067871,1.71887135505676,8.79465961456299,14.0990982055664,3.87283253669739,-3.89461231231689,-1.0657787322998,-11.1720886230469,-16.6525058746338,-1.38688802719116,-8.98921394348145,-3.15705180168152,5.2175464630127,0.997984349727631
"White River National Forest",0.238837793469429,13.0185890197754,15.9959659576416,8.87114143371582,1.12317430973053,3.14750266075134,-0.303415089845657,2.90248107910156,-1.10068166255951,1.55917131900787,6.46984958648682,-1.68812930583954,8.01659965515137,-5.33835458755493,16.6674613952637,-0.790581881999969,3.65134191513062,5.63442039489746,6.94388818740845,-6.51835775375366,-4.56165981292725,-5.03245401382446,-0.123279564082623,-4.29848146438599,2.64452767372131,-7.86599063873291,-4.22392559051514,8.91110515594482,0.284806549549103,3.24989414215088,8.27699375152588,-12.0410203933716,0.120140671730042,2.69742655754089,-0.0174044035375118,1.36882209777832,-3.13548517227173,-8.59987354278564,7.72931671142578,-4.0143666267395,-1.45917427539825
"Grand Mesa, Uncompahgre and Gunnison National Forests",-1.49492621421814,11.0337429046631,15.532865524292,8.56207656860352,1.72667419910431,1.26192462444305,1.75667941570282,4.23290348052979,-4.12160873413086,0.61581963300705,9.8425178527832,-1.14736521244049,7.5309534072876,-2.84995245933533,15.7929105758667,-2.34483361244202,4.18746995925903,6.87713766098022,7.17384719848633,-6.45595741271973,-4.11850500106812,-5.99841213226318,-0.00936162285506725,-5.10484218597412,2.56535601615906,-7.06187391281128,-4.39204978942871,8.30481719970703,-1.03295886516571,3.19549918174744,6.64112424850464,-11.4772119522095,0.616296947002411,2.55241107940674,-1.10428369045258,2.10990881919861,-4.7629542350769,-7.62496852874756,6.89846277236938,-4.27362108230591,-0.826311945915222
"Shoshone National Forest",-0.227476269006729,12.1564912796021,13.913477897644,9.26640701293945,-4.27818059921265,-4.13354682922363,-10.6729307174683,-7.23690509796143,0.810177087783813,4.75650119781494,5.70134782791138,-6.15579080581665,11.079439163208,-6.20597553253174,13.1994524002075,4.33797311782837,-0.339074999094009,8.74765110015869,6.39325761795044,-3.69597196578979,-5.4582633972168,1.32450866699219,-3.27313852310181,1.80914640426636,4.03465032577515,-9.64927577972412,-10.1333875656128,7.14585256576538,1.99959743022919,8.52743244171143,11.361927986145,-7.60629749298096,-3.44451951980591,-0.65071576833725,-6.62561845779419,-5.45764970779419,-3.21905922889709,-6.71178245544434,7.10086297988892,0.451188534498215,-2.67091131210327
"Nebraska National Forest",-14.7758617401123,1.29045689105988,12.1219873428345,9.46843910217285,-9.09092426300049,-5.12979555130005,-8.95363807678223,-0.222066506743431,-1.21959149837494,3.71576166152954,0.482496470212936,-5.62812280654907,3.4106240272522,-0.512671172618866,10.6366548538208,5.49720764160156,4.15248775482178,0.829907894134521,0.059251818805933,-4.08070802688599,-0.387046456336975,5.83466196060181,-3.36836886405945,-9.25407695770264,-1.61507880687714,-7.01455354690552,-5.52433586120605,9.06713008880615,5.13820791244507,3.80447316169739,8.48600482940674,-20.2738399505615,8.00946617126465,5.9703688621521,-11.4719667434692,-3.91146636009216,-5.64223384857178,4.60085248947144,11.6420955657959,5.60680723190308,6.24718713760376
"Bighorn National Forest",-2.92333149909973,9.3961763381958,11.4025640487671,9.54252052307129,-5.65029382705688,-3.19883584976196,-14.0205764770508,-4.82288980484009,-1.61477422714233,6.59149169921875,4.98979759216309,-8.04858303070068,4.49828433990479,-6.84992504119873,11.5348501205444,5.3580322265625,2.08239531517029,2.54861402511597,5.04257345199585,-3.45273542404175,-3.39320659637451,6.64003419876099,-0.456918239593506,-4.51207399368286,2.32539677619934,-6.70351409912109,-7.83721017837524,9.97372722625732,3.04161310195923,7.96732234954834,11.7401256561279,-14.099630355835,0.772335469722748,2.91806936264038,-8.51954460144043,-4.24113368988037,-5.0669322013855,-4.07947587966919,8.51680088043213,2.26424813270569,2.27078056335449
"Rio Grande National Forest",-0.544589757919312,13.1874341964722,15.7708196640015,5.7488260269165,3.45997548103333,4.06789922714233,3.29293727874756,3.19091176986694,-3.05996465682983,3.97345066070557,8.39560604095459,2.94369888305664,6.64076948165894,-1.40994131565094,17.0186672210693,-4.97109222412109,4.23478126525879,6.19738674163818,8.5803394317627,-6.3432149887085,-4.41689968109131,-6.94703960418701,-0.357309728860855,-2.52943110466003,2.61716747283936,-7.56765604019165,-0.758376836776733,6.25353288650513,-2.01638627052307,1.22535562515259,4.12192583084106,-11.4447860717773,-1.19221162796021,1.95167791843414,1.84424304962158,2.00095963478088,-3.0438244342804,-9.56203079223633,8.59794616699219,-5.66672325134277,-0.504371047019958
"Pike and San Isabel National Forests",-3.94441366195679,7.97768688201904,16.2631015777588,12.2485704421997,1.12315833568573,-7.5456714630127,4.54158782958984,5.20386266708374,-2.1565580368042,4.45612144470215,3.13274240493774,-1.35000932216644,8.27895641326904,-0.277358591556549,9.16901969909668,-1.40554094314575,5.19459438323975,7.804527759552,5.44471168518066,-4.28670358657837,0.423912107944489,-3.74700689315796,-1.62383949756622,-4.01529598236084,2.93515300750732,-6.91803932189941,1.8683135509491,7.8027868270874,-1.31579661369324,3.24822974205017,0.287223547697067,-12.6040153503418,6.20369577407837,2.15333676338196,-4.12110805511475,-1.09942197799683,-8.23540782928467,-4.49078369140625,6.36508941650391,-0.32487291097641,4.44612121582031
"Mendocino National Forest",1.05316293239594,20.2819442749023,10.1445779800415,-0.620098888874054,5.52457523345947,-10.9795684814453,6.31405353546143,-3.09514403343201,9.68031787872314,3.58888816833496,3.36616039276123,-7.80605602264404,8.76755046844482,-0.154992252588272,-1.06337916851044,-3.68337106704712,-5.00426387786865,15.169303894043,19.8971118927002,1.71123695373535,4.04252099990845,-0.0097021646797657,-1.51486968994141,-7.57966136932373,-4.74948644638062,12.849347114563,-6.4871039390564,4.86212873458862,6.03924131393433,7.83790731430054,17.34494972229,6.81667184829712,-2.22613310813904,-16.7764205932617,-30.9628849029541,-12.3731288909912,2.25540828704834,2.8312087059021,9.69541549682617,-8.63914680480957,0.155488610267639
"Stanislaus National Forest",2.9303560256958,16.623836517334,17.5690383911133,4.44174337387085,4.70644235610962,-7.3343391418457,0.942208051681519,-0.0636761114001274,3.66970491409302,4.24436902999878,9.99594783782959,-9.5243501663208,7.05890941619873,-1.06338357925415,10.7326679229736,-1.99426865577698,-5.19696140289307,20.0654411315918,12.9040088653564,-2.21684098243713,-2.17850470542908,-0.0855198800563812,0.179558381438255,-7.61355447769165,4.20670461654663,4.60143232345581,-8.78536033630371,3.78124690055847,0.897957324981689,12.3907957077026,16.2255611419678,0.218447104096413,-5.32398796081543,-14.6301069259644,-20.4776134490967,-9.87286853790283,-1.36637091636658,-2.65182399749756,8.10910511016846,-3.71613121032715,-1.69427680969238
"Sierra National Forest",0.834072649478912,14.9068307876587,16.4156837463379,1.90281999111176,4.3568286895752,-4.92790555953979,5.16742134094238,3.6108705997467,5.34717655181885,7.45081996917725,9.09925842285156,-5.62598371505737,7.0574254989624,-0.238587632775307,10.0890026092529,-3.316739320755,-5.00761795043945,18.5147552490234,9.50474739074707,-4.32287883758545,-1.38075077533722,0.0556191466748714,-1.07998919487,-4.64414501190186,3.64465808868408,3.48286843299866,-6.42673110961914,3.55575442314148,0.798411190509796,10.9494390487671,13.7859945297241,-1.04971027374268,-4.54095411300659,-13.5621547698975,-16.3893070220947,-7.83936023712158,-2.85375022888184,-2.22097516059875,7.93243885040283,-3.47057390213013,-2.8293993473053
"San Juan National Forest",-0.787476480007172,11.6112365722656,15.2442979812622,6.16800451278687,2.15027737617493,2.78363060951233,1.88379085063934,4.51246976852417,-5.67168664932251,2.34063172340393,11.59153175354,0.759335458278656,6.20008993148804,-0.822352290153503,15.2719583511353,-4.44929933547974,3.52630305290222,7.9717960357666,8.43529510498047,-5.95337247848511,-3.98746871948242,-6.33893156051636,1.04492807388306,-4.87949848175049,3.41068053245544,-7.02494716644287,-3.15087676048279,6.86812448501587,-2.19495701789856,4.17898797988892,5.40946531295776,-10.0885782241821,-1.36873257160187,1.82508873939514,-1.96827411651611,1.72184479236603,-4.46016836166382,-9.33420562744141,7.3773250579834,-4.89087295532227,-1.76088893413544
"Boise National Forest",5.29735612869263,11.8364315032959,8.37940216064453,17.1671752929688,-0.291813880205154,-2.8735466003418,-11.5915756225586,0.703422904014587,1.28008961677551,3.5956654548645,14.1843748092651,-13.7967920303345,5.81014013290405,-4.85998153686523,8.43557643890381,6.62288475036621,-0.886883497238159,7.06063556671143,10.5917158126831,-1.37525808811188,-1.69291353225708,3.95719504356384,0.00885643716901541,-7.13598346710205,2.54072070121765,-5.14360523223877,-11.9319934844971,8.90895748138428,1.41109120845795,13.8652801513672,15.6766452789307,-0.205643460154533,-3.40961122512817,-2.64558815956116,-11.8372001647949,-12.6670141220093,-1.20874619483948,-7.24827671051025,-0.490270256996155,1.88076853752136,-0.439749956130981
"Beaverhead-Deerlodge National Forest",5.0462589263916,10.8661708831787,8.22363090515137,13.5208425521851,-3.19794964790344,-4.38893461227417,-14.2251415252686,-3.76937341690063,2.89585494995117,7.78636455535889,8.85889911651611,-10.9547472000122,4.65314722061157,-3.76721549034119,11.8421907424927,7.72671890258789,-0.499558925628662,7.18514013290405,6.82603454589844,-2.46489214897156,-3.90235614776611,4.84656286239624,-1.95039546489716,-0.153593048453331,5.78585958480835,-8.48135185241699,-10.4605989456177,8.53783321380615,0.915248870849609,11.3909492492676,13.0099935531616,-3.45110607147217,-3.9742693901062,-1.55574917793274,-8.95699405670166,-7.55219888687134,-4.14769744873047,-7.54190349578857,1.99300730228424,0.740199387073517,0.312966287136078
"Medicine Bow-Routt National Forest",-6.87664365768433,7.59389162063599,12.3243589401245,7.73076200485229,-5.15115833282471,-0.170079469680786,-8.83678817749023,-1.05383133888245,-2.20257306098938,5.64283514022827,4.18072462081909,-7.39640998840332,4.60160827636719,-6.3296947479248,14.5164184570312,2.97354316711426,2.7184271812439,2.67473077774048,6.2846155166626,-5.1665735244751,-2.8713653087616,2.83226323127747,-0.862726807594299,-6.50046110153198,2.72925710678101,-6.58830070495605,-6.53703689575195,9.1791820526123,0.721489012241364,6.75816440582275,11.0716695785522,-15.5195598602295,0.586856603622437,2.44966197013855,-3.88873696327209,1.27361536026001,-4.02055788040161,-5.23591661453247,9.81830596923828,-0.0421769469976425,2.50094056129456
"Tahoe National Forest",2.33669137954712,15.2336320877075,15.7612543106079,5.51734209060669,4.10222148895264,-5.97248363494873,-4.13923358917236,-1.41001653671265,-1.57703161239624,-2.00737833976746,10.158896446228,-12.0555362701416,5.86795902252197,-3.74001479148865,10.3023977279663,-2.13254594802856,-6.98290395736694,20.2679195404053,13.6840009689331,-1.1088775396347,-2.40374326705933,-0.343656599521637,4.3860330581665,-8.66071796417236,5.03509521484375,5.256676197052,-9.29351711273193,4.39674711227417,0.537846148014069,14.6806840896606,18.8721313476562,-0.00466089881956577,-7.80098962783813,-13.5293483734131,-23.5418567657471,-10.0178842544556,1.5498126745224,-0.934332668781281,6.51102638244629,-4.67216777801514,0.354025661945343
"Inyo National Forest",3.89320182800293,15.7687978744507,19.3483104705811,3.55967664718628,2.28340411186218,-2.48323011398315,3.55329275131226,6.19531583786011,-0.96685516834259,3.8313353061676,16.6642093658447,-4.68569087982178,6.8043999671936,-0.870133876800537,14.5656805038452,-3.35248064994812,-5.25996160507202,22.4932327270508,9.08915519714355,-3.98559284210205,-4.47514724731445,-1.82869124412537,0.134241163730621,-6.77466440200806,6.54184293746948,1.68520534038544,-9.66342830657959,2.81071949005127,-1.2301173210144,12.8113098144531,11.8782320022583,-4.5270471572876,-8.74177932739258,-12.1952476501465,-15.910626411438,-6.40472555160522,-2.5151059627533,-3.79897785186768,6.35943269729614,-0.970076322555542,-3.36428666114807
"Sequoia National Forest",2.7529284954071,15.830735206604,16.8653507232666,3.27522134780884,8.30974006652832,-3.71108889579773,8.97606182098389,5.06574058532715,4.31233215332031,7.64860439300537,8.51123809814453,-1.12775874137878,7.43249034881592,1.13744723796844,6.18137979507446,-4.33088970184326,-6.15529251098633,18.0532112121582,10.4477033615112,-4.80947732925415,2.8355700969696,-1.98045670986176,-3.07333993911743,-4.82902765274048,2.06388783454895,4.32385396957397,-5.60249137878418,3.41977381706238,0.568316459655762,7.91187429428101,14.8445796966553,-2.19461107254028,-3.5338978767395,-16.1881637573242,-19.5913009643555,-6.61432647705078,-2.1096785068512,-0.0443572886288166,10.1135015487671,-1.3948746919632,-0.12068273127079
"Klamath National Forest",0.313708513975143,12.4542865753174,12.1523847579956,6.37623643875122,-0.490546345710754,-8.84906101226807,-6.90873241424561,-1.88322782516479,-3.45955538749695,-11.7624883651733,12.5899353027344,-17.061372756958,6.04235410690308,-6.37432909011841,4.4221076965332,-2.72603011131287,-4.07834911346436,13.6451759338379,14.3001489639282,0.533514678478241,-0.24246746301651,-1.27266228199005,7.37442016601562,-11.6054353713989,0.38994362950325,4.60680198669434,-7.78676128387451,10.5074729919434,2.64440107345581,17.3437671661377,22.3952312469482,7.05312538146973,-5.66251516342163,-13.3870105743408,-29.5923690795898,-12.1360921859741,5.28674983978271,0.21080818772316,-0.946441650390625,-2.03689908981323,-0.649013519287109
"Six Rivers National Forest",-1.99795317649841,17.6657524108887,8.39881896972656,2.58174180984497,4.37025547027588,-13.5704784393311,0.320719391107559,-4.22048854827881,3.35253262519836,-4.45777606964111,5.69259786605835,-16.7060890197754,7.67938566207886,-4.15692615509033,-2.38738489151001,-6.18657541275024,-3.09651184082031,9.6877555847168,17.3276519775391,-0.191643670201302,3.52630591392517,-1.16925227642059,2.78814554214478,-11.856876373291,-5.68757390975952,11.8536310195923,-5.59322547912598,12.9715614318848,5.60921764373779,11.0207653045654,21.3533420562744,12.5960521697998,-1.38080549240112,-15.7877464294434,-35.6227264404297,-12.9229469299316,6.46373128890991,4.56679058074951,5.81369113922119,-1.52881646156311,5.35440731048584
"Angeles National Forest",-1.01954650878906,10.153998374939,7.57688522338867,0.294787466526031,9.65231323242188,-7.10987901687622,10.4146251678467,2.58099389076233,5.64681625366211,7.10646104812622,-1.3278694152832,1.83323633670807,4.24006652832031,1.01973938941956,-1.68147170543671,-6.22229623794556,-0.659352123737335,11.8685598373413,9.74988460540771,1.14418160915375,14.387261390686,2.27008867263794,-5.86725759506226,0.746702611446381,2.29352235794067,7.07035970687866,-1.48410069942474,5.92951488494873,-1.10290443897247,7.7362961769104,4.86310434341431,-0.311461448669434,1.26181197166443,-16.4907608032227,-18.4281959533691,-9.92787742614746,0.196627572178841,-7.40846538543701,11.9950313568115,-2.69376420974731,-1.65531706809998
"Lassen National Forest",1.12246692180634,12.6830024719238,13.3495111465454,5.29506874084473,2.69492316246033,-3.51805973052979,-3.44823980331421,1.21446561813354,0.058397151529789,-4.96407127380371,10.1185903549194,-10.1141242980957,7.72758865356445,-1.71947717666626,10.2153654098511,0.677013099193573,-5.72121858596802,18.0781688690186,12.9806900024414,-0.0466873571276665,-1.15849828720093,-0.0638636201620102,6.38282585144043,-8.21784496307373,3.18637919425964,3.46219348907471,-8.31577205657959,5.1239013671875,1.10001337528229,15.0367727279663,19.9796085357666,1.16618585586548,-7.6214280128479,-13.4426326751709,-25.4688625335693,-12.0657949447632,0.995577573776245,-2.17866730690002,0.755502760410309,-5.79717254638672,-0.108762137591839
"Plumas National Forest",1.15911364555359,12.9134616851807,14.931658744812,5.64323902130127,3.9412362575531,-4.51380825042725,-3.53081464767456,0.177022233605385,-1.80712413787842,-3.53077292442322,12.0283174514771,-10.2452878952026,6.13991737365723,-2.91357111930847,10.8856983184814,-1.17214155197144,-5.71261692047119,19.3544731140137,12.4366369247437,-1.23523056507111,-1.07130753993988,-0.721728682518005,6.50013732910156,-8.82484149932861,4.5479097366333,3.84831809997559,-8.95627498626709,4.66534996032715,0.870297431945801,14.0917110443115,18.0020160675049,-0.123003408312798,-7.85810422897339,-13.1939001083374,-24.441577911377,-10.3925628662109,1.83880293369293,-1.13221621513367,2.37738299369812,-4.89145565032959,0.00644565746188164
"Carson National Forest",-1.13360834121704,11.8203945159912,17.0523586273193,7.4511833190918,3.5533766746521,-0.705148756504059,4.93462467193604,4.57176303863525,-5.64223289489746,5.60462856292725,10.5013313293457,0.341236919164658,6.91926956176758,1.20089042186737,11.6791515350342,-5.04084825515747,3.73016405105591,6.94361925125122,7.53777408599854,-6.05237722396851,-2.19926476478577,-7.19388341903687,1.0625011920929,-3.44989347457886,3.66640019416809,-6.37173652648926,-0.380267947912216,6.13218641281128,-2.80535221099854,4.98354005813599,2.15739750862122,-9.19976615905762,0.386482566595078,3.14123606681824,-2.09255528450012,2.99079489707947,-5.45484113693237,-8.46510791778564,5.09198188781738,-5.03414869308472,0.132559642195702
"Cibola National Forest",-1.18996953964233,4.71583032608032,17.3750705718994,11.3208112716675,1.09800553321838,-10.3770084381104,9.85747623443604,8.57832431793213,-6.6805477142334,4.43433666229248,5.50693130493164,-1.0226628780365,7.42284679412842,3.1402792930603,1.9578093290329,0.0352791026234627,4.58360385894775,12.7005844116211,1.42864370346069,-4.44871854782104,4.20112895965576,-2.00196480751038,2.19751644134521,-1.22336530685425,5.17847776412964,-4.00615406036377,0.147966384887695,5.88815879821777,-2.56530666351318,9.04643058776855,-5.40167951583862,-6.60735702514648,3.95000672340393,0.424454420804977,-6.2362699508667,-3.96628522872925,-13.4279232025146,-4.65009021759033,2.75972890853882,-0.59077376127243,2.78094720840454
"Coronado National Forest",0.582332074642181,1.33877301216125,6.41011810302734,3.79873991012573,7.1303653717041,-8.08341693878174,8.45021152496338,1.43544459342957,-1.71961331367493,9.13931751251221,0.518831312656403,5.54412460327148,3.63247132301331,2.78470349311829,-4.71858215332031,-8.39326190948486,3.58908939361572,12.5376119613647,-5.87882614135742,-8.31773471832275,12.1554918289185,2.08020448684692,-1.8384997844696,7.82129812240601,0.523644208908081,-5.30168867111206,5.07123184204102,3.62255859375,-7.28175687789917,11.0366888046265,4.33444023132324,-0.116253256797791,9.83288764953613,-11.1304636001587,-11.8762350082397,-7.50410461425781,-2.8944628238678,-5.28814601898193,8.34187698364258,1.65292632579803,0.689235866069794
"Lincoln National Forest",6.56627988815308,1.59058451652527,13.9412307739258,10.8357648849487,5.38044452667236,-7.76671600341797,17.3129329681396,10.9713945388794,-4.72238636016846,6.34408187866211,5.35108995437622,7.33053636550903,5.40489864349365,0.898779571056366,-2.51252245903015,-1.87387371063232,6.72300052642822,10.6554727554321,-8.18297290802002,-7.5630931854248,7.79937410354614,3.77897953987122,-1.08022201061249,2.27730822563171,5.14861679077148,-7.75625658035278,0.974231064319611,4.34149265289307,-6.57178401947021,13.7877197265625,-6.2146692276001,-0.916973352432251,4.73366546630859,-3.54380106925964,1.69851064682007,-5.36781644821167,-14.0202026367188,-4.26436185836792,3.42381286621094,0.158190816640854,2.63972353935242
"Kaibab National Forest",1.1942366361618,10.7561311721802,17.7208366394043,5.79476499557495,1.66808676719666,-8.21602058410645,7.43793725967407,6.8234076499939,-9.88923931121826,1.00647008419037,15.5160760879517,0.722721695899963,3.97023034095764,0.696286261081696,4.37505006790161,-4.81168556213379,1.3731974363327,17.4280185699463,2.484290599823,-2.2689094543457,3.35653042793274,-2.82705497741699,3.60207056999207,-4.37661695480347,5.64170598983765,3.36651730537415,-6.2873592376709,6.09464502334595,-0.483248859643936,12.4932594299316,3.17307829856873,-2.39740371704102,-1.80213725566864,-8.96087455749512,-16.9090194702148,-7.94965934753418,-10.2076940536499,-6.49112367630005,3.70987677574158,2.4311888217926,1.27539503574371
"Gila National Forest",3.68640232086182,7.84457063674927,18.7353706359863,7.31326770782471,3.66045427322388,-7.68503904342651,12.6441831588745,8.80580234527588,-8.32843494415283,6.817298412323,12.6352052688599,7.10923719406128,6.14839839935303,3.81556558609009,4.43296527862549,-3.77308821678162,4.07925271987915,16.8874073028564,-1.75368845462799,-3.46160197257996,5.1047568321228,-3.25545525550842,2.53441882133484,1.29837131500244,4.21655941009521,-4.35214519500732,-0.561782538890839,4.22138071060181,-5.06152057647705,14.0160474777222,-6.29326438903809,-3.40800094604492,0.792094945907593,-8.66863346099854,-8.36183071136475,-6.53234624862671,-12.1836633682251,-8.91028022766113,2.98344802856445,0.427670747041702,-0.0286815650761127
"Prescott National Forest",2.00316643714905,10.1457004547119,13.8764972686768,2.00233936309814,4.51917219161987,-10.306679725647,10.0468425750732,3.78910112380981,-4.93547677993774,6.6962251663208,9.35898685455322,4.18722724914551,4.31909847259521,2.87060332298279,0.886982679367065,-6.21102046966553,2.11325979232788,19.5783615112305,-0.822017788887024,-1.08739137649536,8.19601726531982,-0.668025970458984,1.34656071662903,-0.788641810417175,4.25997495651245,2.49589419364929,-3.75388431549072,6.66525220870972,-2.85695266723633,11.4625205993652,2.62531161308289,0.947409152984619,1.21796321868896,-13.9849119186401,-19.7587375640869,-13.5669736862183,-7.87894868850708,-6.35329818725586,7.17117309570312,2.75009250640869,0.537864983081818
"Apache-Sitgreaves National Forests",3.17220163345337,8.35778331756592,19.5266551971436,7.75215435028076,1.93826186656952,-8.01009941101074,8.74007987976074,6.16670942306519,-7.74277877807617,5.62966871261597,14.6277933120728,5.52637767791748,5.84263849258423,3.81669640541077,5.7163257598877,-3.89778661727905,2.91355991363525,18.5051345825195,1.37799763679504,-3.31572532653809,5.1220965385437,-3.53133320808411,4.00786113739014,-1.50289475917816,4.0347466468811,-2.54697942733765,-3.7887876033783,4.41782188415527,-3.62696647644043,11.8724975585938,-2.05131959915161,-3.68626523017883,0.721904158592224,-7.86381149291992,-13.1713266372681,-7.16486883163452,-10.9721622467041,-9.79460048675537,2.47260785102844,0.13512909412384,-1.2681051492691
"Lake Tahoe Basin Management Unit",2.49645519256592,12.7528495788574,16.1647720336914,7.46876001358032,0.738145589828491,-3.50565695762634,-9.93549060821533,0.785313427448273,-5.01452350616455,-3.93915843963623,16.6892108917236,-14.3228778839111,6.23235559463501,-2.96446847915649,17.7145900726318,-0.917205691337585,-7.5010461807251,21.8884258270264,11.2416400909424,-2.88191056251526,-8.22776508331299,-1.74063563346863,3.3224151134491,-9.81990909576416,9.5986967086792,-0.317922562360764,-10.7884349822998,4.48783922195435,-2.55857563018799,16.5008583068848,16.8683071136475,-4.18580722808838,-9.46154308319092,-10.5325956344604,-18.2388820648193,-7.59749269485474,0.454911470413208,-3.68220615386963,4.88652658462524,-0.248535633087158,-2.96684408187866
"Humboldt-Toiyabe National Forest",1.24489641189575,10.1940298080444,14.3435354232788,7.96504735946655,-0.458090275526047,-4.72822237014771,-7.72686338424683,1.92709445953369,-9.57161426544189,-2.86881184577942,15.9379644393921,-11.9939699172974,1.57048487663269,-3.37711977958679,11.9026098251343,-3.05152630805969,-4.09632396697998,16.0798645019531,9.97449111938477,-4.81657028198242,-3.35951113700867,0.80438643693924,3.24187302589417,-8.55634784698486,6.35371923446655,-1.70530927181244,-8.24805068969727,8.13713550567627,-0.530426561832428,15.0727586746216,14.225793838501,-6.35952997207642,-3.36593961715698,-5.50186252593994,-14.3035068511963,-6.08643198013306,-2.23243403434753,-4.83015155792236,4.46026563644409,-0.790940880775452,0.150503978133202
"Manti-La Sal National Forest",-0.449865400791168,10.4135770797729,17.093620300293,11.6512060165405,-1.30259740352631,-4.05684804916382,-1.14721286296844,5.18205308914185,-9.99213886260986,-5.11034393310547,12.8383760452271,-9.73436069488525,3.9250226020813,-3.05552744865417,8.20623016357422,-2.53484129905701,1.01647019386292,8.864501953125,7.46937608718872,-6.31758689880371,-2.30304551124573,-2.98802995681763,1.33401894569397,-9.20722961425781,3.13514089584351,-3.71051740646362,-7.97477912902832,10.4956703186035,-0.0695755258202553,9.65588855743408,10.4994478225708,-7.86984634399414,2.73043465614319,0.320689916610718,-7.20149946212769,1.00171303749084,-6.68130445480347,-3.89041209220886,5.95612335205078,0.356119126081467,0.789027869701385
"Payette National Forest",5.92032527923584,10.7650012969971,5.38990688323975,17.594217300415,-0.884566485881805,-3.85912275314331,-13.2315216064453,-0.0304697323590517,0.603395879268646,3.05305218696594,13.8331823348999,-14.3589248657227,3.52820181846619,-4.15515995025635,7.53457450866699,7.55677032470703,-0.784939587116241,5.65243101119995,10.5166482925415,-0.914914846420288,-2.30020666122437,4.54739379882812,-0.701765954494476,-4.75870704650879,1.98746883869171,-5.80377817153931,-10.1829919815063,8.92652606964111,0.917275190353394,13.1319036483765,16.5944519042969,0.791073441505432,-4.30888938903809,-1.7359504699707,-11.7195100784302,-12.2811870574951,-0.275166004896164,-7.60871076583862,-1.35259330272675,2.63613152503967,-0.695729494094849
"Caribou-Targhee National Forest",2.00102257728577,11.0026435852051,11.083589553833,13.4296159744263,-2.91933226585388,-0.294886499643326,-12.1547555923462,-2.71176052093506,-1.85811150074005,2.83325290679932,8.9061975479126,-13.5310802459717,4.91225433349609,-6.69337558746338,12.1028423309326,5.39442110061646,-1.2147821187973,9.30638694763184,8.68905925750732,-3.1976306438446,-4.73393440246582,2.63613104820251,-1.31880390644073,-3.94616675376892,5.19739675521851,-7.13743734359741,-11.3033666610718,9.2711124420166,0.236841440200806,12.5110416412354,14.6733455657959,-6.23217630386353,-2.4999668598175,-1.26207363605499,-8.0750207901001,-4.67032337188721,-1.49098479747772,-6.16435384750366,3.73004364967346,0.478557199239731,-0.112058885395527
"Bridger-Teton National Forest",1.06352651119232,12.5340423583984,13.299783706665,10.6828756332397,-4.91270923614502,-3.65720200538635,-10.1686010360718,-6.40376091003418,0.859839141368866,5.06187725067139,5.27207851409912,-8.77103614807129,10.1730222702026,-6.80501365661621,13.4855346679688,3.43056035041809,-1.54624426364899,11.8017148971558,7.29117202758789,-4.11854600906372,-5.49375152587891,0.661566615104675,-4.34187698364258,1.54007136821747,4.75094604492188,-10.1817007064819,-11.2230653762817,7.6310830116272,1.01071310043335,10.0530786514282,13.2901630401611,-4.7963719367981,-3.43396854400635,-1.16337251663208,-5.6225414276123,-4.13119459152222,-2.38820958137512,-7.77843618392944,5.87691402435303,0.120800964534283,-4.04972457885742
"Salmon-Challis National Forest",6.0793309211731,10.6476907730103,7.9266037940979,14.7202987670898,-2.50037097930908,-4.63947248458862,-12.9531488418579,-1.64408314228058,1.38225173950195,6.80242824554443,11.8793087005615,-13.8601589202881,5.95244264602661,-4.26754570007324,11.9336166381836,6.67232513427734,-1.72033643722534,9.9532299041748,7.89098262786865,-1.54997658729553,-5.53248310089111,2.54007983207703,-3.29626822471619,-2.70358276367188,5.20214509963989,-8.27965927124023,-11.2583751678467,7.49228954315186,0.210716992616653,13.7820892333984,13.9190340042114,-0.778088271617889,-4.46443319320679,-1.65777170658112,-8.89060592651367,-7.74386119842529,-1.65182793140411,-7.53422498703003,0.6524817943573,1.6921808719635,-1.93133807182312
"Sawtooth National Forest",3.16799283027649,10.7048387527466,10.0975017547607,13.9715452194214,-2.46258687973022,-1.9900164604187,-12.9313354492188,-0.706031739711761,-1.8540301322937,0.942975997924805,13.575587272644,-15.8175773620605,4.50886917114258,-5.89730787277222,10.4936046600342,5.05139446258545,-1.55346620082855,8.43120670318604,9.94278717041016,-3.06667351722717,-4.3475193977356,2.40830016136169,0.00451127626001835,-7.5337963104248,4.62821483612061,-5.46145963668823,-11.5746240615845,8.27992725372314,1.45854735374451,14.8705081939697,15.476167678833,-4.25382328033447,-2.90310144424438,-1.9989560842514,-10.435170173645,-7.36826944351196,-0.275193095207214,-5.55349159240723,2.31231546401978,1.22215783596039,0.124189950525761
"Ashley National Forest",1.0119686126709,11.3444509506226,13.6357488632202,9.15662002563477,-3.12240862846375,0.101871095597744,-4.54386806488037,0.671695828437805,-4.82969188690186,0.413485050201416,10.0164384841919,-9.92561054229736,4.73184108734131,-6.25202035903931,14.7753076553345,0.32870414853096,0.0551383085548878,7.49634122848511,8.24632263183594,-6.1852650642395,-5.32327222824097,-1.2934912443161,-0.838068604469299,-6.10938024520874,3.6917576789856,-6.216956615448,-8.41341114044189,10.1561374664307,0.0387425646185875,9.57456111907959,13.4260168075562,-10.5435924530029,-1.34218394756317,-1.01713120937347,-3.86716794967651,1.18016695976257,-2.7381489276886,-6.15723657608032,8.3704309463501,-1.06607139110565,-0.829998075962067
"Fishlake National Forest",-0.511879444122314,10.9703493118286,17.0153484344482,9.01158809661865,-1.91400051116943,-4.48047971725464,-3.2220139503479,3.24949550628662,-12.9056596755981,-6.03808689117432,13.8590602874756,-9.33641338348389,3.83722376823425,-3.37552571296692,10.031964302063,-4.23143863677979,-1.66111505031586,9.3662576675415,8.86853313446045,-8.66076850891113,-3.41556239128113,-3.43649673461914,0.711240410804749,-9.31786727905273,3.94969701766968,-3.60521459579468,-7.50297594070435,10.1393060684204,-0.705408990383148,11.0768156051636,11.668776512146,-7.53065586090088,1.77517378330231,-0.835584223270416,-5.42981338500977,0.667341709136963,-5.87632036209106,-3.82176947593689,7.34072637557983,-0.0364346131682396,0.565370738506317
"Ozark-St. Francis National Forest",0.727163732051849,-0.7474285364151,8.26814270019531,9.52956104278564,1.92289960384369,-7.01714897155762,0.232352137565613,5.26039838790894,3.90561079978943,-12.6803417205811,-0.536791145801544,-7.32949638366699,14.7322759628296,3.03154730796814,-3.48262572288513,10.2735586166382,-4.8721809387207,2.63406419754028,-2.57997345924377,-12.5459785461426,6.72039031982422,8.08214473724365,6.14985179901123,-1.41245806217194,0.240612298250198,-4.17069387435913,-6.7641544342041,6.51018381118774,-0.789002239704132,6.72766447067261,-1.03778064250946,-14.487154006958,12.2117958068848,13.2466497421265,5.74505567550659,-5.31641054153442,-17.5851955413818,0.931396663188934,5.81614303588867,-5.53593635559082,-0.79575788974762
"Hiawatha National Forest",0.256376415491104,-5.13601922988892,11.8405532836914,3.09321117401123,-8.72281646728516,-9.73766708374023,-12.4581308364868,-1.90881669521332,-0.263594001531601,-1.8937520980835,-6.82326602935791,1.6636106967926,3.98469281196594,1.3296867609024,2.69006776809692,7.8508882522583,9.50712299346924,-13.2401361465454,-8.9879789352417,-6.05268096923828,-7.41654348373413,10.840648651123,0.996744513511658,7.94825458526611,0.0966928601264954,-5.80505990982056,-6.25607681274414,6.35620880126953,6.76695489883423,-8.8971586227417,1.56430101394653,-7.94482326507568,3.83512759208679,4.42234325408936,-0.444529950618744,0.447268724441528,2.49992084503174,-0.801449537277222,9.0851936340332,5.6279239654541,-0.865460395812988
"Chequamegon-Nicolet National Forest",0.934755861759186,-4.18528461456299,11.5374975204468,3.40998768806458,-11.4024715423584,-10.0047922134399,-12.8961906433105,-1.75649988651276,0.960193336009979,-1.31669354438782,-4.99799156188965,-0.625501930713654,2.43520092964172,1.12862646579742,5.35751104354858,9.55312633514404,10.5541610717773,-10.9474630355835,-6.83898448944092,-5.92833566665649,-7.74330139160156,9.98809909820557,0.84335994720459,5.82769632339478,-0.878694653511047,-4.86781930923462,-9.72495555877686,8.0982084274292,1.27521646022797,-8.23687267303467,4.85366678237915,-12.521110534668,5.50187587738037,5.42804193496704,-1.20285677909851,0.637411773204803,2.85865259170532,-0.373658776283264,8.86574840545654,6.42099952697754,-0.270272880792618
"Wayne National Forest",1.78048348426819,8.8079137802124,8.06958961486816,10.6144456863403,-1.18161416053772,-5.30243396759033,5.89933633804321,5.78813791275024,6.17009353637695,-0.83541864156723,-2.94306612014771,7.31453037261963,8.52450275421143,5.84476232528687,3.7680811882019,10.2435169219971,7.61777114868164,-5.96816635131836,2.32341575622559,-4.647780418396,0.321769863367081,-3.28324842453003,-2.04075336456299,2.60246253013611,-1.56630647182465,-2.40711832046509,-3.45118093490601,1.92924153804779,0.984817028045654,-4.44327449798584,0.798893511295319,-18.4907302856445,6.77485466003418,5.44242429733276,3.78902387619019,-2.96453809738159,-9.01780414581299,9.94807720184326,-0.817865908145905,-1.87029349803925,-3.68190407752991
"Hoosier National Forest",-1.55538582801819,10.3989419937134,13.117467880249,12.9295492172241,0.508684039115906,-5.14995288848877,4.01553821563721,4.29794073104858,7.14458608627319,-1.01970684528351,-2.05638933181763,3.50414228439331,12.7917394638062,7.80594873428345,-3.19834280014038,13.7837409973145,5.01188611984253,-3.76581525802612,3.17280602455139,-5.75784778594971,0.563926696777344,0.551706612110138,1.14521837234497,1.76550078392029,-1.17075836658478,-2.15843772888184,-11.1801919937134,5.83948183059692,1.17457354068756,-3.41766977310181,-2.46290874481201,-21.8407497406006,10.1601753234863,8.5046911239624,2.33679342269897,-1.77324366569519,-12.9670934677124,10.5676078796387,1.90672993659973,-4.19508647918701,-3.08545756340027
"Huron-Manistee National Forest",1.51499354839325,-3.23818755149841,10.5942802429199,5.86469793319702,-9.12881565093994,-8.542067527771,-7.88943338394165,1.24318218231201,4.26447916030884,-1.71421492099762,-5.45609712600708,2.70177245140076,0.293161451816559,3.29082894325256,5.51115798950195,10.3624315261841,13.2599582672119,-9.14700222015381,-5.4538459777832,-7.76551914215088,-7.32803964614868,9.32539939880371,0.368396788835526,-0.585348784923553,2.1153666973114,-6.21197700500488,-4.17525577545166,1.71072065830231,0.67084264755249,-8.41067218780518,3.44187927246094,-10.6229734420776,1.36301493644714,5.52741432189941,-0.55726146697998,3.33174300193787,-2.85367059707642,3.23381567001343,7.91049480438232,8.80314826965332,0.946715593338013
"Chippewa National Forest",-2.07189416885376,-3.16851854324341,7.51324462890625,0.771335124969482,-12.0685024261475,-3.15879321098328,-17.5033378601074,-6.14166498184204,-1.77877366542816,1.46018278598785,-4.38007402420044,-2.71278953552246,-0.263027638196945,-0.127368524670601,4.49290561676025,8.90503215789795,8.90707778930664,-10.7296590805054,-6.09076833724976,-4.46162462234497,-3.43434262275696,11.6629390716553,-3.64167451858521,9.23505401611328,-1.83746039867401,-6.91431951522827,-10.6884088516235,10.3895168304443,4.7844614982605,-5.82411670684814,3.10030388832092,-8.76736640930176,6.77993679046631,4.81620979309082,-0.296894729137421,-2.38362383842468,0.355249434709549,-0.880810916423798,8.86048126220703,5.7975902557373,0.271791309118271
"White Mountain National Forest",-3.56217765808105,-0.241640254855156,4.89101409912109,4.16007614135742,-0.0633869022130966,-4.91468715667725,-2.90732741355896,0.861332893371582,0.273612320423126,1.85923564434052,-4.43079471588135,4.11192655563354,-4.83738660812378,5.06015634536743,4.07179594039917,5.6153507232666,10.9513883590698,-6.98089218139648,-2.60617113113403,3.21027803421021,-2.29336214065552,5.92092943191528,2.86379265785217,-3.52703309059143,6.44404792785645,-1.64893364906311,0.922978699207306,2.58887028694153,-3.33790731430054,-6.67924165725708,-0.365992486476898,-6.08701992034912,-2.3744375705719,0.193870574235916,-3.1249566078186,1.51507830619812,-1.26196682453156,-0.987517774105072,5.86435222625732,5.80396890640259,-3.84306025505066
"Monongahela National Forest",1.97545516490936,9.04476547241211,11.2707090377808,10.1568431854248,-4.47257566452026,-3.61330270767212,7.50524759292603,5.63817310333252,6.12620258331299,-1.08412837982178,-2.22763800621033,7.52859878540039,5.63945579528809,0.964342653751373,3.20386552810669,6.78897714614868,12.391773223877,-2.24614834785461,2.37179112434387,-0.684268951416016,1.21206820011139,-4.15603685379028,-0.302691876888275,1.91413569450378,2.06714797019958,-1.95422768592834,-0.923572063446045,-0.656046807765961,1.11400890350342,-4.0890474319458,-0.881791293621063,-14.9614601135254,5.73133087158203,5.14952754974365,2.40637850761414,-3.45669460296631,-11.067232131958,7.19019031524658,-3.94183850288391,0.154800951480865,-2.01578569412231
"Superior National Forest",0.172281831502914,-4.70390892028809,8.95976161956787,2.42638325691223,-12.6666793823242,-4.13054275512695,-17.3238277435303,-6.4701075553894,-1.77006697654724,0.576506912708282,-7.44430541992188,-2.71900582313538,4.34286117553711,-0.796523332595825,2.94347524642944,8.45683670043945,8.12333011627197,-12.5823936462402,-6.41791915893555,-4.8830099105835,-3.1914324760437,9.73114967346191,-2.99084329605103,9.38737106323242,-0.575238347053528,-6.23715400695801,-10.4755001068115,9.5458517074585,7.11973142623901,-8.01415538787842,2.64048385620117,-7.72951889038086,8.28169536590576,3.6310408115387,1.2694479227066,-2.03094506263733,4.62223863601685,-2.45696949958801,8.94286918640137,3.99912476539612,-0.931505560874939
"Shawnee National Forest",-0.745258331298828,4.4163031578064,15.8712310791016,13.6789445877075,0.814475059509277,-5.33331537246704,1.0957338809967,1.72023677825928,7.54503870010376,-8.8141918182373,-3.42594075202942,0.425939828157425,11.6262655258179,7.12753391265869,-3.96214175224304,13.1369018554688,-3.75630402565002,-3.19605684280396,0.0507150217890739,-9.79719161987305,3.16595244407654,4.20205736160278,3.79578971862793,-0.181351199746132,0.481797367334366,-3.10159611701965,-10.9001836776733,9.71547317504883,0.0985835790634155,-1.68179631233215,-0.51216197013855,-18.9536876678467,10.8117303848267,11.4949026107788,3.63233017921448,-3.80686402320862,-13.1911554336548,11.3161144256592,3.83326530456543,-3.86136937141418,-1.26191759109497
"Allegheny National Forest",3.01174139976501,3.48794627189636,8.1187686920166,9.69393920898438,-4.59469270706177,-0.657650351524353,-1.14532470703125,6.25478315353394,10.716757774353,-1.58236074447632,-3.29514765739441,2.62718033790588,-2.87575387954712,8.08546161651611,7.35580682754517,6.67871618270874,16.1079006195068,-6.71747589111328,0.129221558570862,-3.56343221664429,-1.41180610656738,2.26486873626709,-1.78627467155457,-1.25180089473724,6.38762521743774,-2.47082996368408,1.79587292671204,-0.0500098280608654,-0.486296504735947,-4.98783349990845,1.62871515750885,-6.56173610687256,-2.36895442008972,1.60344731807709,-1.09890723228455,2.15652823448181,-12.3813066482544,1.67637479305267,-2.5547308921814,10.3643455505371,-1.14294826984406
"Los Padres National Forest",-3.07978057861328,7.83829116821289,4.42867088317871,0.970093846321106,10.0075845718384,-6.29911136627197,7.92554998397827,0.304646283388138,7.35883760452271,8.68756866455078,-3.68700981140137,-2.08084583282471,2.80890130996704,1.70695090293884,-5.07108879089355,-6.4913182258606,-2.17003893852234,8.33989715576172,12.3527374267578,-1.37037217617035,13.7209711074829,4.12112760543823,-4.85784816741943,4.85166883468628,-1.79349994659424,4.39719676971436,2.51938533782959,6.33204221725464,-0.425673305988312,6.66775894165039,3.62259554862976,0.874741435050964,3.93073868751526,-12.7684011459351,-15.8214750289917,-9.47746849060059,1.70912134647369,-6.88154458999634,11.2067918777466,-1.67202711105347,-1.56388676166534
"Shasta-Trinity National Forest",0.481057524681091,14.9765882492065,13.3440294265747,3.13817811012268,0.600305736064911,-11.0362234115601,-1.22957336902618,-2.44069504737854,0.246742457151413,-7.20195484161377,7.99981927871704,-13.0278091430664,8.22061538696289,-3.9967725276947,5.21726226806641,-1.77246034145355,-5.04368686676025,14.7551279067993,15.5892457962036,0.215313151478767,1.07180547714233,-1.67133224010468,5.32783317565918,-10.2185764312744,-0.893577992916107,8.71530342102051,-8.5759162902832,8.31328582763672,3.54739665985107,15.5468235015869,20.2301025390625,7.72536468505859,-6.2881178855896,-15.2896890640259,-32.0874404907227,-12.6088161468506,4.01748418807983,1.15242803096771,2.96466708183289,-4.72737503051758,0.971780836582184
"Cleveland National Forest",1.18719530105591,7.43355274200439,5.12241125106812,0.883947610855103,12.3982954025269,-3.05207204818726,9.96733093261719,3.38162589073181,8.23711109161377,12.0705413818359,1.26625597476959,0.1144143268466,3.36469221115112,2.01374506950378,-2.12355923652649,-2.96354651451111,0.337232202291489,7.72308778762817,7.80033540725708,-4.4488377571106,15.2303352355957,3.97716879844666,-8.61237812042236,3.20373177528381,-1.03638768196106,1.11483716964722,2.75223064422607,7.08551692962646,-6.66248941421509,6.55266618728638,4.21760082244873,1.71885240077972,2.74429392814636,-13.1991882324219,-12.0093650817871,-7.54687166213989,1.70321488380432,-9.79611873626709,9.66934871673584,0.831133723258972,-3.83164048194885
"Midewin National Tallgrass Prairie",-4.36809396743774,5.15335845947266,10.8513488769531,9.4865665435791,-6.99273252487183,-6.3438458442688,-1.76587510108948,3.77151203155518,3.60141205787659,-0.691221654415131,-4.30333805084229,7.76615476608276,5.22587919235229,-0.142571955919266,7.119713306427,10.9653577804565,9.79715919494629,-5.40955686569214,0.719103991985321,-3.63839817047119,-1.95999491214752,2.16607260704041,0.0941923558712006,-3.21790599822998,-5.28445720672607,-6.72968578338623,-2.44145250320435,3.94992065429688,1.67059659957886,-9.12346267700195,6.94733476638794,-25.4622707366943,5.99276781082153,6.71252965927124,1.34645128250122,-2.18759918212891,-9.25545692443848,6.91025161743164,5.95443105697632,10.4845676422119,-1.17404210567474
"Mark Twain National Forest",-2.58339595794678,4.81803798675537,16.4335708618164,13.6501455307007,2.77572989463806,-7.33267641067505,0.877423405647278,2.9671311378479,6.82834672927856,-3.56723976135254,-5.43259859085083,-1.88205230236053,13.4067764282227,5.16206407546997,-3.53481912612915,11.5100622177124,-1.64966690540314,1.41327655315399,-0.97024130821228,-9.11131858825684,3.7179160118103,4.75552797317505,3.85654735565186,0.295739382505417,-0.766617834568024,-4.51849746704102,-11.4894046783447,9.53823661804199,3.8386857509613,-0.990318477153778,0.159104272723198,-19.2552013397217,12.0657234191895,10.8179922103882,1.16590869426727,-4.85952711105347,-14.8953943252563,10.657886505127,3.58683395385742,-2.11600065231323,-1.91660976409912
"Columbia River Gorge National Scenic Area",1.6751834154129,14.2363052368164,-3.95628976821899,11.8149909973145,7.45106220245361,-0.92476761341095,-7.80329704284668,1.52595138549805,-3.02008390426636,-10.5374002456665,6.5705361366272,-20.7676029205322,4.78203630447388,-8.68547534942627,-0.795705914497375,1.73660945892334,2.92682790756226,-2.16516399383545,12.721776008606,3.60552597045898,5.24635553359985,9.14532566070557,-0.0486022420227528,-8.99561500549316,-5.45525074005127,1.47715759277344,-1.67482101917267,15.1407623291016,9.95126724243164,2.00178551673889,18.8465328216553,7.43822956085205,-2.8532190322876,-3.17689299583435,-22.0873222351074,-17.3951282501221,7.21691989898682,-1.22364544868469,0.565151810646057,0.436743527650833,0.804316878318787
"Uinta-Wasatch-Cache National Forest",0.0124330902472138,11.1295213699341,14.9266128540039,12.6011161804199,-2.53770899772644,-2.24324679374695,-6.18864822387695,0.937319099903107,-6.88509130477905,-3.08378195762634,11.0242719650269,-12.5897245407104,3.91979098320007,-6.38495588302612,11.0642223358154,1.5559366941452,-0.633229196071625,7.41603565216064,9.16109657287598,-6.49063777923584,-4.04241514205933,-0.0427620969712734,-1.18642449378967,-7.15637588500977,4.72138404846191,-5.22891807556152,-9.10684108734131,12.1949510574341,1.56476616859436,11.326605796814,14.7772903442383,-9.07641983032227,0.822403073310852,-1.10662579536438,-7.67278671264648,-1.94516503810883,-3.8570556640625,-4.59283924102783,6.38199424743652,-0.252661257982254,1.05214893817902
"George Washington and Jefferson National Forest",2.70873665809631,7.27175569534302,11.330322265625,11.8800201416016,-0.357153475284576,-3.39725065231323,10.0285015106201,4.39670896530151,2.62496519088745,-7.69169759750366,-3.00680136680603,6.34250259399414,8.6612663269043,3.10802030563354,-0.273566901683807,10.2775297164917,2.08283448219299,-1.36589515209198,1.55625629425049,-5.49718046188354,2.95205211639404,-2.27869176864624,1.0241938829422,4.23747825622559,1.53447699546814,-1.95139968395233,-2.38140392303467,2.25742840766907,3.419517993927,-2.16494870185852,0.694733917713165,-17.7646713256836,8.10061836242676,7.7229905128479,2.17494797706604,-2.71877241134644,-9.77050971984863,6.39379644393921,-0.955620944499969,-8.10554122924805,-2.3513662815094
"Kisatchie National Forest",5.05488681793213,3.73219585418701,5.45304155349731,9.37993335723877,7.10321521759033,-5.31802415847778,4.57372665405273,8.33266735076904,4.56105613708496,-14.4977855682373,0.899272859096527,-2.72568297386169,5.3428807258606,2.31136512756348,1.75089967250824,-1.19179582595825,1.92132437229156,0.705212235450745,-18.3835315704346,-7.49307584762573,0.112643226981163,4.44004058837891,11.415599822998,7.42580699920654,-3.92103266716003,1.46563100814819,4.81897068023682,2.52386975288391,-1.38927960395813,20.4506721496582,0.287517249584198,-8.8389835357666,-2.39420294761658,15.232102394104,15.5635709762573,-4.13696527481079,-19.9976825714111,-1.92439937591553,-2.83709406852722,-6.94808006286621,6.05753231048584
"El Yunque National Forest",NA,NA,NA,NA,NA,NA,NA,NA,NA,NA,NA,NA,NA,NA,NA,NA,NA,NA,NA,NA,NA,NA,NA,NA,NA,NA,NA,NA,NA,NA,NA,NA,NA,NA,NA,NA,NA,NA,NA,NA,NA
"Daniel Boone National Forest",3.82123136520386,3.69683265686035,12.3548259735107,13.3527994155884,3.69764351844788,-4.0064058303833,8.90046501159668,4.72556447982788,3.75782489776611,-12.7520122528076,-1.90554702281952,5.27843141555786,9.51524353027344,6.38897085189819,-1.8982914686203,13.89794921875,-3.66849040985107,-3.39773106575012,2.94812488555908,-8.97817707061768,2.8560106754303,1.62165999412537,-0.368155032396317,5.32296085357666,1.33693718910217,0.0578517355024815,-10.4889240264893,4.48998641967773,4.39046859741211,0.0426466576755047,-0.113468512892723,-18.7144947052002,10.7529525756836,7.95363569259644,3.12568283081055,-0.334338694810867,-10.3015365600586,1.69323480129242,1.10041832923889,-8.2670431137085,-2.97944164276123
"Malheur National Forest",5.01583862304688,10.0139436721802,3.80640506744385,17.5945053100586,0.177037939429283,0.819277048110962,-15.0902786254883,0.870534598827362,-1.906294465065,-5.96242666244507,16.5285758972168,-17.1314277648926,0.0232376884669065,-7.00703525543213,5.25174522399902,4.40044689178467,-5.19934272766113,6.26749897003174,12.187273979187,-0.891726553440094,-2.51832151412964,4.49852848052979,3.44505715370178,-6.43454170227051,1.91429758071899,-2.85532331466675,-7.11005401611328,9.56443500518799,1.70924174785614,14.799144744873,21.634880065918,-1.06434285640717,-3.9864935874939,-2.69935750961304,-10.5777635574341,-13.7524223327637,1.33263123035431,-6.90091180801392,-1.53964102268219,0.69084644317627,-0.347644597291946
"Siuslaw National Forest",-3.42738342285156,21.7592296600342,-12.2738523483276,-6.38385009765625,14.5822191238403,-13.3167400360107,-3.39810252189636,1.03623282909393,7.33464336395264,-2.70743012428284,-0.192048236727715,-26.6980361938477,3.4146032333374,-4.11041307449341,-12.9650592803955,-6.8052806854248,3.50734829902649,-8.58203601837158,14.3847494125366,2.65845823287964,5.96651792526245,8.08720397949219,-8.58892345428467,-10.1425123214722,-9.65731811523438,7.46936416625977,0.610459506511688,23.9159851074219,15.3911361694336,-8.63858699798584,20.4414043426514,16.2314071655273,4.28312540054321,-7.30959796905518,-27.8008918762207,-15.3868532180786,10.8799343109131,9.45332336425781,9.06425666809082,5.58806943893433,9.42963409423828
"Willamette National Forest",12.2855672836304,19.0444946289062,9.44321441650391,17.6418361663818,9.14085960388184,-6.0113353729248,-15.5428428649902,5.57701110839844,-0.815160036087036,-6.51756429672241,16.9509601593018,-22.8438034057617,5.27760410308838,-5.92047786712646,1.83220195770264,2.28083205223083,-2.07484078407288,3.57900238037109,17.2738056182861,3.1539134979248,-0.864597797393799,6.24096822738647,1.49820959568024,-10.0945205688477,-1.309121966362,0.294897615909576,-4.52901744842529,16.121467590332,5.33363485336304,12.1486320495605,21.1798725128174,6.7496018409729,-4.7327618598938,-7.70757341384888,-25.5257034301758,-17.3734035491943,3.74077248573303,-4.2953577041626,-2.85490441322327,0.696970582008362,0.940069675445557
"Fremont-Winema National Forest",4.52589130401611,9.98525428771973,8.00322341918945,13.2631921768188,1.75707912445068,0.293271541595459,-15.8160820007324,4.43346929550171,-0.695944666862488,-7.22722816467285,16.9508380889893,-17.786600112915,3.40395736694336,-6.15528964996338,6.55041074752808,3.38230466842651,-6.69128036499023,12.0278844833374,12.1358957290649,0.551002681255341,-5.50703477859497,3.28635454177856,4.19324493408203,-6.29485607147217,4.15312385559082,-3.2108154296875,-6.96715402603149,8.36947250366211,0.1760633289814,17.3594398498535,21.9383792877197,1.21178722381592,-5.95409202575684,-6.30008935928345,-14.4612236022949,-13.4903154373169,1.08674538135529,-6.97501850128174,-2.07826137542725,-0.566573917865753,-2.3095874786377
"Wallowa-Whitman National Forest",4.4748363494873,9.60502243041992,2.68836164474487,18.314323425293,0.308364927768707,-0.0535404048860073,-14.5360612869263,0.377584785223007,-1.40627574920654,-2.73400712013245,14.9669914245605,-16.3809375762939,0.645584523677826,-6.96778297424316,4.9788670539856,6.57792663574219,-1.56761920452118,2.41086411476135,12.3644685745239,-1.57578909397125,-0.613426923751831,6.92535018920898,2.94449520111084,-7.70309543609619,-0.682422637939453,-3.32130885124207,-8.24111175537109,10.1136789321899,2.8463134765625,12.3887376785278,19.1725063323975,-0.722561478614807,-2.98240160942078,-1.30756330490112,-12.0271129608154,-14.768895149231,2.32493925094604,-6.31997776031494,-1.03440082073212,2.13947343826294,1.230548620224
"Colville National Forest",5.13021278381348,8.09410858154297,1.13159966468811,16.7162799835205,2.19001054763794,2.46529054641724,-11.3011922836304,1.99323177337646,-0.656238615512848,2.91904592514038,8.45192050933838,-9.85638046264648,-2.14888119697571,-7.56459856033325,-0.114166803658009,12.4071788787842,2.74159860610962,-10.1665439605713,10.3382024765015,4.07949924468994,2.41242837905884,8.25912094116211,4.93015241622925,-9.03446674346924,-5.96795034408569,-2.32881593704224,-2.41578316688538,7.89155626296997,5.1426854133606,7.09755420684814,14.5450630187988,4.55047130584717,-3.60554528236389,0.937808156013489,-8.12451171875,-16.5969676971436,4.7263503074646,-5.65999555587769,-4.53446769714355,4.18842172622681,-0.119536958634853
"Okanogan-Wenatchee National Forest",9.10623073577881,7.8110671043396,-0.629844725131989,18.5513668060303,4.18509912490845,0.53239494562149,-8.66825580596924,5.15234088897705,-1.00553667545319,3.67212605476379,10.7943210601807,-12.851752281189,0.206614106893539,-5.56182384490967,-1.24909389019012,12.1243505477905,4.78208255767822,-4.42718601226807,14.9797735214233,5.55699682235718,3.21049904823303,7.36157894134521,1.87198734283447,-6.82870244979858,-7.26010751724243,-1.95810210704803,-2.20404434204102,7.81169414520264,0.0572374388575554,9.00055980682373,17.7126903533936,7.44962072372437,-3.23606944084167,-2.19376087188721,-14.8823909759521,-17.0456562042236,2.40796804428101,-7.96238279342651,-6.37618923187256,3.39109992980957,0.938965678215027
"Umatilla National Forest",4.06881809234619,9.92637252807617,-0.532701671123505,15.9331693649292,1.38951802253723,0.612116277217865,-12.2770681381226,1.04111766815186,-1.153804063797,-5.07228088378906,13.1393966674805,-16.584156036377,1.57551884651184,-8.36229801177979,3.94649839401245,5.07240056991577,-0.782294988632202,1.19019758701324,12.9482460021973,-0.526064991950989,2.01723742485046,7.10628652572632,2.0739848613739,-7.31538343429565,-2.78006029129028,-1.54427814483643,-5.91644096374512,10.8089151382446,5.25945329666138,9.44658470153809,19.0324172973633,0.560959577560425,-1.9987987279892,-2.06839513778687,-14.6166105270386,-16.6577339172363,3.10603761672974,-4.92164897918701,-0.0692373737692833,1.60533440113068,0.569644451141357
"Rogue River-Siskiyou National Forests",0.525786817073822,17.014009475708,7.14285802841187,7.52067947387695,5.10327816009521,-9.17392349243164,-4.81908845901489,0.214387327432632,2.3514232635498,-6.58146524429321,12.6865129470825,-20.4881858825684,6.36605739593506,-4.69582605361938,-1.7728374004364,-4.59221315383911,-1.82100749015808,7.48746681213379,17.2368125915527,0.454745888710022,1.5910849571228,0.523088753223419,1.09904158115387,-11.9302463531494,-6.96335172653198,5.88323020935059,-5.41470575332642,15.1999797821045,5.95885467529297,10.2268381118774,22.4967975616455,10.5767889022827,-1.4056259393692,-13.8994731903076,-30.8434143066406,-13.1795282363892,7.1952977180481,2.67740321159363,1.7710235118866,2.01385498046875,2.95361804962158
"Mt. Baker-Snoqualmie National Forest",5.52202796936035,10.1641082763672,-5.71899938583374,13.3299551010132,8.03047657012939,-1.71147644519806,-9.21910285949707,5.65586614608765,-0.275682002305984,2.41518807411194,10.8432149887085,-18.500919342041,-0.635913789272308,-6.80949592590332,-4.14623498916626,8.97219562530518,4.4369945526123,-3.98488283157349,16.4617328643799,7.7093334197998,5.92458820343018,11.4797382354736,0.0364925153553486,-8.590576171875,-10.1810703277588,-2.25755071640015,-1.62679874897003,12.0092134475708,2.06585335731506,3.84793972969055,19.8302307128906,9.57575416564941,-0.555561363697052,-2.54901146888733,-19.9212284088135,-18.2050228118896,3.68238258361816,-4.99277877807617,-5.62693309783936,6.34192085266113,4.61473989486694
"Olympic National Forest",-5.73134994506836,14.5384893417358,-12.2412166595459,-2.18830108642578,13.7338562011719,-6.68396854400635,-9.63694286346436,2.38178038597107,3.4694287776947,-4.67183542251587,5.82071685791016,-27.7755317687988,1.63509202003479,-7.42872953414917,-6.50828123092651,-0.458865076303482,3.35779547691345,-5.04224681854248,14.7344217300415,4.06614065170288,8.9300537109375,13.2535390853882,-1.68574345111847,-11.5712366104126,-5.45992565155029,1.54021286964417,2.76093459129333,20.2699184417725,12.3334608078003,-5.26032781600952,21.0412921905518,9.85910224914551,-0.143148154020309,-4.20499467849731,-29.0318164825439,-17.3947982788086,9.24139022827148,3.01596069335938,-1.48600840568542,6.33942937850952,4.98988580703735
"Ochoco National Forest",6.75334978103638,12.0830173492432,4.62304496765137,18.058931350708,1.60432052612305,3.52612495422363,-12.5072259902954,1.08259570598602,-3.01513123512268,-9.21369361877441,14.7855186462402,-16.7871952056885,2.25014662742615,-9.01957511901855,4.8899097442627,2.64356780052185,-3.75796270370483,3.63531017303467,14.1251974105835,0.473992884159088,-0.152585759758949,5.23532629013062,3.27866697311401,-6.05183696746826,-0.207200422883034,-0.0785510912537575,-5.23690223693848,10.1559438705444,4.32182216644287,12.4380874633789,20.0823440551758,0.761003851890564,-3.76119446754456,-2.96290469169617,-14.3457260131836,-16.4691009521484,2.77735877037048,-5.77067708969116,-0.802839457988739,-1.52998554706573,-0.538792073726654
"Deschutes National Forest",10.8929891586304,13.8948192596436,8.07694435119629,19.6966762542725,5.21290731430054,0.504116714000702,-16.2640209197998,5.2675199508667,-0.313761979341507,-4.11063814163208,17.0758934020996,-19.3968105316162,4.32322263717651,-7.26949834823608,4.29360961914062,3.90550017356873,-4.99667406082153,6.79227685928345,14.9046249389648,1.95989036560059,-3.83112263679504,4.25460624694824,2.31395196914673,-6.05039310455322,1.38657093048096,-1.8586573600769,-5.61022853851318,11.3218059539795,1.85647118091583,15.6729698181152,21.0023078918457,3.2963855266571,-5.32431983947754,-4.58563089370728,-15.4456186294556,-16.1883392333984,1.82779920101166,-7.83417844772339,-2.69677042961121,-0.77089250087738,-0.219653949141502
"Umpqua National Forest",7.05365800857544,19.7955646514893,9.78899097442627,11.7196865081787,7.62562084197998,-8.46205043792725,-8.45279407501221,3.75227999687195,0.902603387832642,-7.13107824325562,16.1481475830078,-21.2995548248291,6.40486192703247,-4.01154184341431,1.08592176437378,-1.71459555625916,-1.00819563865662,6.45484638214111,17.1159706115723,0.987304747104645,0.935587346553802,1.98295211791992,-0.170267835259438,-12.7807922363281,-4.39654302597046,3.80847764015198,-6.81008911132812,15.602991104126,6.05945730209351,8.98207569122314,21.0226173400879,9.5247220993042,-2.50798487663269,-10.0397453308105,-30.4172306060791,-14.3872842788696,5.39769601821899,1.04286015033722,-0.309984028339386,1.67468845844269,2.73836803436279
"Green Mountain and Finger Lakes National Forests",-3.11888241767883,0.109921164810658,6.77882814407349,6.19668579101562,-2.16893768310547,-5.45883083343506,-3.46930003166199,1.89955723285675,3.72316789627075,0.613346755504608,-4.28039073944092,4.33206176757812,-3.27615523338318,6.48379707336426,4.87381553649902,7.66788482666016,11.566367149353,-7.82011747360229,-1.36647069454193,0.503709971904755,-1.85388600826263,4.29971504211426,1.90993690490723,-3.41990041732788,5.14127111434937,-1.89497542381287,1.53884255886078,-0.50173807144165,-3.69286608695984,-6.73203086853027,0.304330378770828,-6.09189462661743,-2.51483154296875,1.25812447071075,-3.09141492843628,3.45883965492249,-4.21606063842773,0.422197133302689,3.53213000297546,7.54755020141602,-2.43076705932617
"Ottawa National Forest",1.15113389492035,-5.7071361541748,12.0906248092651,3.26351594924927,-13.3800563812256,-11.5813894271851,-15.0062465667725,-3.10752773284912,-0.610379636287689,-3.02553224563599,-7.26849889755249,-2.4997239112854,2.62925052642822,1.07106387615204,4.98093891143799,8.84115695953369,10.149510383606,-12.5360012054443,-7.53087377548218,-5.59271764755249,-9.41424369812012,10.3158502578735,1.15436482429504,8.12063026428223,-0.41599041223526,-3.58092594146729,-9.56528472900391,8.79292774200439,3.989661693573,-7.66309690475464,3.58424711227417,-10.7793922424316,5.90267658233643,3.78936052322388,-0.482917159795761,0.222273215651512,5.44720268249512,-1.74152493476868,8.96286201477051,5.56671142578125,0.699154376983643
"Black Hills National Forest",-13.4923305511475,3.74602913856506,10.016863822937,8.35997486114502,-10.6980447769165,-1.79579079151154,-12.8338298797607,-2.61824750900269,-0.0259342640638351,7.36460828781128,2.97707867622375,-7.36851739883423,2.88606548309326,-4.01821231842041,12.4059972763062,7.45014238357544,4.15932655334473,0.171476289629936,2.46837830543518,-3.46458292007446,-1.8730845451355,8.77290725708008,-2.2235906124115,-9.31336688995361,-1.55042266845703,-6.39051055908203,-8.42207050323486,9.67422866821289,4.00067520141602,6.67105531692505,10.030252456665,-19.5950965881348,4.30681085586548,5.62137746810913,-8.21990966796875,-4.07551860809326,-6.87204170227051,-0.280989557504654,12.5807237625122,4.21042680740356,5.42644929885864
"Ouachita National Forest",3.18202805519104,-3.22321057319641,1.67570972442627,5.64918088912964,2.2550950050354,-8.16476631164551,0.144690454006195,7.97781276702881,4.75648546218872,-12.9754371643066,0.444401890039444,-9.58769035339355,12.8857421875,2.1250376701355,-0.679823815822601,1.92415261268616,-1.78244829177856,3.80213284492493,-7.41772174835205,-13.5603246688843,6.60718822479248,9.27831363677979,7.58808898925781,1.43779563903809,-1.6609138250351,-6.79608201980591,-2.20688986778259,4.96681594848633,-2.80348634719849,12.2063503265381,-2.95233774185181,-10.069598197937,11.4548349380493,13.8787269592285,9.45296001434326,-6.77453136444092,-18.1964912414551,-1.15799152851105,6.57906341552734,-4.54437494277954,-0.389339178800583
"Chattahoochee-Oconee National Forests",10.2335300445557,-1.07379055023193,9.38718318939209,9.60355186462402,5.1712212562561,0.728042662143707,11.05189037323,10.0971384048462,-3.35342884063721,-14.5979795455933,-2.65772914886475,-3.63964748382568,13.2230443954468,3.35371470451355,0.618285775184631,12.9324245452881,-9.13817501068115,4.05348873138428,-1.31592404842377,-7.19710731506348,1.77733743190765,0.763479053974152,1.79804170131683,3.99688458442688,4.38444757461548,-1.20622074604034,-1.15578842163086,5.41387796401978,2.87910985946655,13.1043815612793,0.227722316980362,-11.1765146255493,8.48681163787842,10.3957014083862,5.68141555786133,-3.32531142234802,-15.8104915618896,-11.1264533996582,-3.62263298034668,-6.97723436355591,-1.90221619606018
"National Forests in Florida",9.20425415039062,-3.01897859573364,7.37655925750732,2.75208616256714,8.8063497543335,-0.913152694702148,1.94350135326385,7.57977247238159,-13.5515193939209,-8.94026756286621,-2.26932406425476,3.6694929599762,-7.68083906173706,1.04357612133026,5.35183525085449,4.2223687171936,-3.86189985275269,-2.50044727325439,-10.124324798584,3.42379450798035,1.59314703941345,-4.81538534164429,7.22903966903687,5.91800212860107,-2.78702998161316,0.73911839723587,-3.22055983543396,-0.988724708557129,10.1326332092285,19.53662109375,6.46609210968018,-4.39248371124268,-11.6460380554199,5.6391339302063,8.63704967498779,5.26194477081299,-9.35753726959229,-1.00123429298401,-1.90806591510773,-7.99029541015625,0.381583750247955
"National Forests in Mississippi",7.50682544708252,1.00175487995148,6.26163053512573,9.1523904800415,6.80282640457153,-1.19875502586365,4.59474468231201,10.8941459655762,1.14584052562714,-14.2551689147949,0.287993937730789,-4.03156471252441,7.89364385604858,3.22160077095032,2.11882448196411,3.8996307849884,-2.17148518562317,3.03322243690491,-16.7772846221924,-6.59140586853027,1.30058133602142,4.61746740341187,8.69047451019287,6.39954090118408,-1.58556187152863,-0.769830942153931,3.50557208061218,4.86846780776978,1.46061623096466,20.5685138702393,0.142405465245247,-9.89300346374512,0.157699763774872,14.8369979858398,12.0157480239868,-1.68691647052765,-20.9811382293701,-6.35484027862549,-5.24903631210327,-8.7444019317627,2.85839009284973
"Francis Marion and Sumter National Forests",10.7142877578735,1.31804549694061,9.20927619934082,6.49225568771362,6.1747522354126,0.317138999700546,13.1653566360474,12.4933567047119,-3.14747333526611,-15.3254346847534,-4.42949628829956,-5.46742486953735,12.4496450424194,1.37132847309113,3.72060561180115,7.39400911331177,-6.98691558837891,3.52846217155457,-4.20964193344116,-3.27434301376343,-0.121652573347092,-1.03409624099731,4.28265428543091,5.71360445022583,7.21799087524414,-2.71152377128601,1.75890004634857,1.84322535991669,5.25670671463013,15.5716285705566,1.05331766605377,-9.16745281219482,4.61120080947876,10.225474357605,7.31584548950195,-1.16373610496521,-16.8234405517578,-10.439190864563,-3.82659530639648,-9.34434223175049,0.238979995250702
"National Forests in Texas",3.97217774391174,3.89451813697815,5.97424745559692,9.1846342086792,7.81664848327637,-6.15282392501831,2.97283554077148,10.0013494491577,5.4766731262207,-12.9560279846191,1.07284307479858,-3.20764923095703,5.83947324752808,3.90012502670288,1.20461308956146,-1.58109223842621,3.49488472938538,1.74401473999023,-16.212869644165,-9.05854034423828,1.94215798377991,4.82786464691162,8.99167633056641,5.79808664321899,-4.55345392227173,-1.05974817276001,6.97895669937134,2.18300771713257,-4.99657678604126,18.7401790618896,1.59681463241577,-7.40004062652588,-4.50795030593872,13.2795667648315,13.4606037139893,-5.02743005752563,-17.6563110351562,1.59492230415344,0.845455527305603,-7.55234575271606,4.63446569442749
"Cherokee National Forest",6.83714199066162,-0.952609181404114,11.675684928894,12.4728813171387,3.48970031738281,-0.617508769035339,9.73080635070801,5.88322877883911,-2.19317293167114,-11.0992498397827,-2.13257694244385,5.77755451202393,12.0387887954712,5.3286452293396,-1.93755853176117,15.3178615570068,-5.78804731369019,1.51887905597687,2.83655095100403,-6.83545017242432,4.48293542861938,-2.11187219619751,-2.00786995887756,3.91441130638123,1.19779813289642,-0.304939270019531,-6.11893081665039,3.25899696350098,0.848258972167969,4.5958251953125,-0.533399522304535,-16.8399124145508,12.4562101364136,8.61574554443359,2.11843037605286,-2.37307810783386,-9.34590435028076,-1.91649270057678,-1.56256997585297,-9.66578483581543,-4.03811168670654
"Land Between the Lakes National Recreation Area",3.38167262077332,1.05813109874725,11.2172832489014,12.178168296814,-0.77475893497467,-2.31289601325989,0.162185668945312,2.10671401023865,4.43898677825928,-16.3945236206055,0.283940523862839,-3.05307579040527,10.6363639831543,8.10894870758057,-4.81391143798828,13.7776288986206,-6.89031648635864,-4.68594026565552,1.79044723510742,-11.6610450744629,6.16197872161865,5.38759613037109,2.30190587043762,0.807728230953217,2.40343856811523,-1.16825616359711,-8.74378108978271,6.7335844039917,0.17451673746109,2.39960551261902,-0.316568523645401,-15.9450273513794,12.5142593383789,12.1384115219116,5.59690141677856,-4.41022968292236,-15.2448215484619,0.371600896120071,4.62751436233521,-5.19897508621216,-2.33602619171143
"Savannah River Site",7.17280721664429,2.21248865127563,5.69255018234253,5.41134023666382,4.58996868133545,0.819953143596649,12.3125534057617,13.6817436218262,-4.13871431350708,-18.2261905670166,-5.63396167755127,-3.91224575042725,10.8755207061768,2.46989178657532,6.64582586288452,5.03893947601318,-4.7810115814209,1.78412747383118,-12.6055059432983,1.67543292045593,-3.53081607818604,2.90167093276978,7.05258178710938,6.96767902374268,6.36531639099121,-1.04183232784271,5.36085510253906,2.04970169067383,6.30822992324829,21.5360507965088,-0.151749864220619,-7.3978157043457,-4.29069042205811,10.3559265136719,9.46634197235107,2.49225258827209,-18.6134490966797,-10.4275302886963,-7.87908220291138,-15.1358232498169,0.721185684204102
"Modoc National Forest",1.36761796474457,9.15702629089355,10.9419364929199,9.38316249847412,-0.144492343068123,0.081232950091362,-12.3663692474365,2.71508526802063,-4.67896890640259,-10.4771556854248,15.8997554779053,-14.6818161010742,3.64949107170105,-4.67753219604492,10.0566892623901,1.57828271389008,-6.31289720535278,15.7972965240479,10.9246654510498,-0.0983548909425735,-3.97958564758301,3.42320847511292,7.6163010597229,-8.66355228424072,6.86922550201416,-2.07097268104553,-7.61971664428711,6.90170907974243,0.499995350837708,18.2301387786865,21.9261283874512,-0.868525207042694,-7.09687995910645,-9.63247966766357,-19.2590789794922,-13.8342151641846,0.484792619943619,-6.08559274673462,-1.7819150686264,-2.74885368347168,-3.30255842208862
"National Forests in Alabama",9.74240589141846,-0.803346335887909,8.40334701538086,7.35014772415161,5.87804985046387,-0.955112099647522,6.42374706268311,11.1910820007324,-4.37848377227783,-15.6981191635132,-1.36305034160614,-5.54219245910645,9.89221477508545,1.40566647052765,2.61329650878906,8.25369548797607,-5.35575103759766,6.20745182037354,-12.3920211791992,-5.84348678588867,1.98744559288025,3.80203866958618,4.419349193573,4.6032338142395,2.23735761642456,-1.30575335025787,4.33554315567017,5.76477336883545,2.61670255661011,19.2585830688477,0.993616819381714,-10.6638240814209,2.32534956932068,12.7221059799194,9.08821487426758,-1.21913599967957,-18.7297859191895,-10.7002487182617,-7.30723285675049,-7.60161828994751,-0.614319562911987
"Dixie National Forest",0.262437582015991,11.5125675201416,15.8424015045166,6.55218315124512,-0.107816129922867,-6.25766324996948,-0.216411247849464,4.72865343093872,-13.490779876709,-3.29677772521973,14.7806005477905,-5.87680435180664,3.61691474914551,-2.39049673080444,9.22757720947266,-5.93206214904785,-1.83128416538239,13.3889837265015,8.74852848052979,-6.82388305664062,-1.54686534404755,-3.5590398311615,1.90170311927795,-6.46015501022339,4.6931004524231,-1.34988522529602,-8.23906993865967,8.20709896087646,-1.95759034156799,11.1896162033081,10.2687606811523,-5.41762208938599,-0.736187219619751,-4.06185054779053,-8.0817232131958,-1.88898932933807,-6.19523525238037,-5.81853485107422,7.14361381530762,-0.220479592680931,-0.252751171588898
"Chugach National Forest",NA,NA,NA,NA,NA,NA,NA,NA,NA,NA,NA,NA,NA,NA,NA,NA,NA,NA,NA,NA,NA,NA,NA,NA,NA,NA,NA,NA,NA,NA,NA,NA,NA,NA,NA,NA,NA,NA,NA,NA,NA
"National Forests in North Carolina",8.3942699432373,0.63079833984375,11.023549079895,10.788140296936,4.08594179153442,0.333941102027893,12.543981552124,8.0869836807251,-1.26223075389862,-14.0840549468994,-3.35434985160828,1.53242349624634,12.14035987854,4.01957273483276,-0.922491788864136,12.4303731918335,-7.46092224121094,1.1180431842804,1.18000912666321,-6.56247663497925,3.60199666023254,-2.98888611793518,0.0205480474978685,5.55938339233398,3.7893500328064,-1.40253090858459,-3.78494715690613,1.95870542526245,3.40262413024902,6.52805852890015,0.663550734519958,-13.949499130249,12.1070537567139,10.3401966094971,3.72449159622192,-2.81101822853088,-10.1161422729492,-3.6296010017395,-1.44854700565338,-10.950758934021,-1.7817006111145
"Arapaho and Roosevelt National Forests",-5.40108251571655,7.84579133987427,15.1604490280151,9.13832759857178,-2.3052282333374,-3.73301768302917,-3.40396618843079,1.09330451488495,-1.82754683494568,4.12578058242798,2.87104845046997,-4.0913348197937,5.70398044586182,-4.4407811164856,13.6310615539551,-0.360689371824265,2.95779466629028,4.18478107452393,6.03620529174805,-6.07709550857544,-0.588268339633942,-2.32867741584778,-1.70372998714447,-4.89716768264771,3.59337067604065,-6.276686668396,-2.50717997550964,7.7792329788208,1.16576325893402,5.64449787139893,8.1774435043335,-14.1238527297974,3.53351426124573,1.39094257354736,-4.70017051696777,1.65821647644043,-7.34149885177612,-3.73496627807617,8.84073257446289,0.329239308834076,3.66182565689087
"San Bernardino National Forest",1.3917042016983,9.51790904998779,9.51755714416504,0.863680183887482,11.1992139816284,-3.79759287834167,10.6654682159424,4.3337721824646,5.13806247711182,10.983359336853,2.84172654151917,0.857361912727356,3.97289800643921,2.40619039535522,-1.58083045482635,-5.15271377563477,-1.13386273384094,11.541787147522,6.58490562438965,-3.69740629196167,13.4317979812622,2.09022212028503,-6.2090539932251,1.94721174240112,2.96129894256592,2.95825958251953,-0.905879735946655,6.24339866638184,-1.95159935951233,8.49160194396973,6.43690586090088,-0.0279190167784691,1.5956768989563,-16.7335681915283,-15.5953302383423,-8.89514541625977,-0.823402762413025,-7.31844615936279,12.0621557235718,-1.62809610366821,-1.71672308444977
"Tongass National Forest",NA,NA,NA,NA,NA,NA,NA,NA,NA,NA,NA,NA,NA,NA,NA,NA,NA,NA,NA,NA,NA,NA,NA,NA,NA,NA,NA,NA,NA,NA,NA,NA,NA,NA,NA,NA,NA,NA,NA,NA,NA
