"","weighted_mean.X1981si.x_leaf_prism","weighted_mean.X1982si.x_leaf_prism","weighted_mean.X1983si.x_leaf_prism","weighted_mean.X1984si.x_leaf_prism","weighted_mean.X1985si.x_leaf_prism","weighted_mean.X1986si.x_leaf_prism","weighted_mean.X1987si.x_leaf_prism","weighted_mean.X1988si.x_leaf_prism","weighted_mean.X1989si.x_leaf_prism","weighted_mean.X1990si.x_leaf_prism","weighted_mean.X1991si.x_leaf_prism","weighted_mean.X1992si.x_leaf_prism","weighted_mean.X1993si.x_leaf_prism","weighted_mean.X1994si.x_leaf_prism","weighted_mean.X1995si.x_leaf_prism","weighted_mean.X1996si.x_leaf_prism","weighted_mean.X1997si.x_leaf_prism","weighted_mean.X1998si.x_leaf_prism","weighted_mean.X1999si.x_leaf_prism","weighted_mean.X2000si.x_leaf_prism","weighted_mean.X2001si.x_leaf_prism","weighted_mean.X2002si.x_leaf_prism","weighted_mean.X2003si.x_leaf_prism","weighted_mean.X2004si.x_leaf_prism","weighted_mean.X2005si.x_leaf_prism","weighted_mean.X2006si.x_leaf_prism","weighted_mean.X2007si.x_leaf_prism","weighted_mean.X2008si.x_leaf_prism","weighted_mean.X2009si.x_leaf_prism","weighted_mean.X2010si.x_leaf_prism","weighted_mean.X2011si.x_leaf_prism","weighted_mean.X2012si.x_leaf_prism","weighted_mean.X2013si.x_leaf_prism","weighted_mean.X2014si.x_leaf_prism","weighted_mean.X2015si.x_leaf_prism","weighted_mean.X2016si.x_leaf_prism","weighted_mean.X2017si.x_leaf_prism","weighted_mean.X2018si.x_leaf_prism","weighted_mean.X2019si.x_leaf_prism","weighted_mean.X2020si.x_leaf_prism","weighted_mean.X2021si.x_leaf_prism"
"Mt. Hood National Forest",89.1030197143555,106.781272888184,90.795166015625,97.7730102539062,97.4717864990234,78.2315368652344,86.85498046875,87.4861755371094,95.0994338989258,83.8943939208984,82.0374221801758,68.7147979736328,98.7206497192383,78.625129699707,78.1446228027344,77.9340744018555,92.8231811523438,88.7133255004883,100.3466796875,96.2979507446289,95.8659744262695,97.0455780029297,84.1204147338867,82.9126434326172,71.23388671875,92.6883392333984,80.0323867797852,101.217079162598,98.4241485595703,84.5441589355469,100.048271179199,99.2968902587891,88.2619094848633,84.9376525878906,56.494384765625,73.104850769043,98.9310836791992,86.2951507568359,94.940559387207,87.3461761474609,90.2828521728516
"Gifford Pinchot National Forest",89.9926986694336,113.423957824707,91.5959548950195,103.372055053711,105.624465942383,88.0199356079102,89.1926803588867,92.8311614990234,101.478088378906,89.3794631958008,93.3056488037109,75.8253021240234,104.945198059082,86.682487487793,87.489387512207,91.5253372192383,102.87272644043,93.6961059570312,110.442825317383,104.69108581543,104.648780822754,108.712455749512,94.1133041381836,89.0780639648438,76.5970306396484,96.2283020019531,90.8629302978516,108.349784851074,105.54224395752,88.3552093505859,112.879150390625,104.874626159668,97.0216522216797,91.1710891723633,64.0065078735352,79.3563766479492,106.19425201416,92.3772506713867,97.5460433959961,96.5944747924805,98.4618606567383
"Eldorado National Forest",77.7496871948242,93.3079223632812,96.3428497314453,80.1866302490234,81.0990371704102,62.9020614624023,80.2169799804688,72.238883972168,81.0492401123047,76.3703918457031,79.5319671630859,71.9263610839844,83.6790084838867,71.6878433227539,76.8541946411133,67.2393341064453,72.7216339111328,87.3578720092773,86.0375137329102,75.5118179321289,76.570442199707,73.4217147827148,70.3553924560547,71.0586624145508,80.0787734985352,79.368049621582,66.0014572143555,81.1203842163086,71.1525115966797,80.410514831543,78.1821670532227,70.07421875,72.8471603393555,56.7334213256836,48.9737205505371,64.5159378051758,78.0589828491211,60.2332305908203,80.5832290649414,72.9520950317383,75.4207611083984
"Coconino National Forest",73.0791397094727,77.8935012817383,82.8867111206055,73.3414535522461,76.5798263549805,58.1985816955566,80.5720748901367,75.7515411376953,70.291618347168,77.8618850708008,78.7146377563477,80.060302734375,76.9333267211914,75.3483276367188,67.889404296875,59.3254089355469,73.0184173583984,84.8328170776367,64.9994277954102,63.7614402770996,79.2179794311523,72.4447326660156,63.4095001220703,73.5504989624023,72.0205078125,69.9607162475586,68.9077453613281,77.9521942138672,64.8434066772461,81.0047225952148,72.0318832397461,68.8139190673828,73.8757858276367,55.0578842163086,51.0077362060547,57.971435546875,60.7301445007324,58.0067749023438,73.2343215942383,71.3638381958008,72.338508605957
"Tonto National Forest",42.563346862793,49.0297164916992,49.4690895080566,45.2068672180176,51.093448638916,35.085132598877,49.1387786865234,49.1232070922852,47.1338920593262,50.5286750793457,46.5562210083008,49.9500007629395,46.1942405700684,45.4426727294922,43.9010314941406,38.641487121582,45.957576751709,48.4065055847168,36.9944114685059,35.6127166748047,50.9028434753418,45.2870216369629,32.7044067382812,47.1677093505859,41.1118125915527,39.7744750976562,45.8879356384277,49.0362701416016,35.6078681945801,47.9342079162598,47.1117630004883,40.3553276062012,48.6110153198242,32.9040718078613,35.0311508178711,39.8516578674316,41.2143592834473,34.4398384094238,45.1671371459961,41.7088279724121,40.8940544128418
"Lolo National Forest",119.58667755127,129.679016113281,124.737396240234,130.589157104492,115.143760681152,110.999656677246,112.412971496582,115.722946166992,118.457649230957,113.84358215332,130.110549926758,106.70149230957,124.320014953613,113.28882598877,127.914901733398,131.835556030273,128.314529418945,117.817016601562,124.807998657227,117.251861572266,124.474784851074,130.852523803711,120.937057495117,106.855697631836,117.091163635254,119.646530151367,113.062316894531,132.011367797852,122.072509765625,121.361694335938,133.730590820312,116.040664672852,120.194519042969,122.563148498535,100.228660583496,105.605697631836,119.550682067871,121.476654052734,119.227767944336,123.196762084961,120.32901763916
"Flathead National Forest",122.24291229248,132.381500244141,129.055236816406,132.521926879883,120.291168212891,118.132827758789,114.280891418457,120.273048400879,123.057609558105,121.712417602539,131.797088623047,112.927452087402,124.617881774902,117.638450622559,130.800720214844,135.648803710938,130.411865234375,119.333602905273,126.953163146973,122.948051452637,128.222793579102,134.109893798828,123.033828735352,111.63582611084,120.412712097168,122.502250671387,117.310073852539,133.422500610352,124.91535949707,125.178398132324,136.114715576172,119.520919799805,123.349395751953,126.02124786377,107.176658630371,108.935989379883,122.779647827148,123.358108520508,124.155090332031,128.431350708008,124.002166748047
"Nez Perce-Clearwater National Forest",112.145606994629,124.643989562988,116.189926147461,127.348083496094,111.533622741699,107.176658630371,108.43448638916,112.456153869629,113.495956420898,105.746612548828,124.353645324707,98.7350692749023,119.922966003418,109.400268554688,119.212821960449,121.304634094238,122.714904785156,114.268295288086,122.839294433594,111.78394317627,118.677780151367,123.569152832031,117.408325195312,102.180236816406,107.604316711426,115.154678344727,104.495071411133,128.60969543457,119.135292053223,115.050666809082,131.686126708984,113.85417175293,114.790939331055,115.794906616211,94.0768356323242,100.203353881836,113.947685241699,115.070747375488,115.098487854004,118.803405761719,115.812896728516
"Idaho Panhandle National Forests",111.824508666992,123.710319519043,113.858825683594,123.973526000977,111.104873657227,105.820175170898,108.499099731445,111.229949951172,113.415863037109,105.614265441895,121.155975341797,97.8787231445312,119.688652038574,108.336151123047,117.63045501709,122.121597290039,123.479286193848,112.274871826172,119.417533874512,113.64624786377,119.610725402832,123.087898254395,115.756790161133,101.674430847168,108.400505065918,113.594299316406,107.197410583496,128.586685180664,117.736907958984,113.209129333496,130.15119934082,115.476684570312,114.893928527832,114.636108398438,93.0574722290039,100.311264038086,117.184158325195,116.763389587402,111.184906005859,118.128143310547,112.724296569824
"Bitterroot National Forest",124.84334564209,134.544799804688,132.816375732422,139.023834228516,118.337715148926,120.193069458008,114.728759765625,120.911582946777,121.035011291504,116.690841674805,136.083282470703,113.57706451416,128.86296081543,117.21858215332,134.5263671875,136.478942871094,130.723052978516,122.027267456055,131.563491821289,119.353874206543,125.878082275391,133.757583618164,128.462295532227,110.80345916748,123.104866027832,123.975234985352,114.472785949707,134.141098022461,128.450790405273,127.388320922852,139.13508605957,118.673942565918,122.976432800293,127.508934020996,108.077079772949,109.73796081543,122.598510742188,123.815383911133,123.537933349609,126.211410522461,125.797370910645
"Custer Gallatin National Forest",108.979385375977,122.173461914062,122.645660400391,121.81014251709,112.683151245117,106.435897827148,109.382995605469,111.723526000977,115.866523742676,116.942817687988,116.500114440918,102.436225891113,118.263572692871,111.395790100098,110.609153747559,120.441673278809,118.470275878906,116.831848144531,113.863258361816,111.363586425781,119.267135620117,121.354644775391,113.319297790527,103.837875366211,108.198837280273,110.478584289551,101.386543273926,125.952140808105,116.332824707031,117.290649414062,125.599945068359,99.3016052246094,120.008804321289,118.36629486084,95.637580871582,100.562767028809,103.822677612305,120.709327697754,118.839126586914,121.269195556641,113.353881835938
"Santa Fe National Forest",93.2419128417969,98.1950073242188,106.447898864746,105.93773651123,95.8616943359375,78.4990615844727,103.704048156738,97.2007675170898,87.2198638916016,96.8135986328125,100.934707641602,96.9085388183594,100.792053222656,93.6659698486328,86.9311752319336,84.8907089233398,89.4414291381836,103.93025970459,88.162467956543,85.0614318847656,96.5214462280273,91.5323333740234,90.4383010864258,88.2243194580078,93.2356719970703,89.0721740722656,86.639404296875,96.5951614379883,84.3048477172852,102.210990905762,86.6094131469727,89.8274612426758,91.0914459228516,87.6139221191406,82.1328277587891,81.0732574462891,76.4817047119141,85.1771545410156,93.7757568359375,90.9372024536133,94.1861801147461
"Dakota Prairie Grasslands",96.8510360717773,113.545486450195,116.10765838623,108.54426574707,105.969215393066,100.372177124023,105.581413269043,101.355010986328,110.663703918457,109.909576416016,97.4272155761719,102.445816040039,110.648864746094,106.382720947266,107.717895507812,114.311157226562,113.007667541504,108.792472839355,103.811256408691,108.319618225098,116.387084960938,114.932968139648,103.410514831543,101.039703369141,97.9023666381836,102.650161743164,102.88452911377,114.474662780762,112.186141967773,106.597106933594,121.520088195801,86.0693054199219,123.485702514648,114.263198852539,98.8068542480469,100.411834716797,97.1077423095703,119.304740905762,111.377365112305,116.171478271484,102.246955871582
"Helena-Lewis and Clark National Forest",117.596992492676,127.773490905762,125.539093017578,126.060111999512,115.167808532715,109.578643798828,109.939071655273,115.063758850098,118.575706481934,116.934593200684,122.671447753906,103.617500305176,120.76220703125,112.522819519043,120.604545593262,125.880699157715,123.238426208496,117.525787353516,119.90113067627,115.828758239746,124.404846191406,130.932601928711,114.878700256348,106.126541137695,110.477020263672,114.164848327637,108.282485961914,129.206390380859,118.968681335449,119.672210693359,132.388793945312,107.558784484863,120.382659912109,122.586967468262,95.4336624145508,103.814384460449,109.649780273438,121.597808837891,121.561950683594,124.352066040039,120.179550170898
"Kootenai National Forest",117.232315063477,128.036468505859,122.185401916504,129.49528503418,116.090530395508,110.60555267334,112.523681640625,116.052307128906,118.118995666504,112.454147338867,126.345390319824,106.579887390137,122.341171264648,112.753715515137,124.035507202148,130.206390380859,127.468399047852,115.86808013916,122.179702758789,118.551460266113,123.424125671387,126.79776763916,119.026435852051,105.419616699219,114.157569885254,117.294853210449,110.801979064941,130.426727294922,119.70548248291,119.23917388916,132.013290405273,117.537216186523,118.356452941895,119.587112426758,99.8854904174805,104.347312927246,120.976676940918,119.896156311035,115.788993835449,122.267570495605,116.847648620605
"White River National Forest",122.701240539551,135.73095703125,142.134384155273,136.607177734375,125.018516540527,123.064727783203,123.648414611816,129.682952880859,117.564956665039,126.17626953125,133.839706420898,118.978851318359,133.167587280273,122.18049621582,136.058944702148,124.983551025391,128.808303833008,129.767166137695,129.383682250977,120.569297790527,122.062599182129,121.190849304199,126.735694885254,114.247695922852,128.006210327148,121.684059143066,117.254638671875,136.46598815918,124.288963317871,130.995468139648,135.227264404297,110.083122253418,130.624801635742,128.621658325195,119.694076538086,127.677032470703,113.069343566895,122.464393615723,127.705917358398,125.137191772461,127.035461425781
"Grand Mesa, Uncompahgre and Gunnison National Forests",117.452903747559,127.821815490723,133.800399780273,130.240692138672,120.08438873291,112.640022277832,120.131866455078,123.011734008789,110.078262329102,119.051712036133,129.44514465332,114.352531433105,124.97957611084,116.099426269531,125.428169250488,116.785041809082,120.504470825195,125.438148498535,121.207511901855,115.217376708984,116.224113464355,114.850662231445,120.90113067627,108.601303100586,122.150390625,116.120170593262,109.598365783691,128.450180053711,115.478378295898,124.752754211426,124.088607788086,107.256401062012,122.625541687012,120.842658996582,111.581115722656,120.088592529297,107.162002563477,115.251106262207,122.29077911377,117.630264282227,120.610733032227
"Shoshone National Forest",128.114715576172,142.909698486328,145.524429321289,142.038726806641,126.199745178223,129.171920776367,120.767639160156,130.23291015625,129.81672668457,136.564193725586,141.813613891602,122.293685913086,135.615585327148,126.132591247559,142.259963989258,140.546585083008,134.257827758789,135.981063842773,138.098831176758,128.012878417969,129.783294677734,137.103210449219,131.52294921875,123.307289123535,134.464309692383,127.177955627441,119.800033569336,141.541961669922,133.066497802734,139.968139648438,147.479187011719,119.065002441406,132.382843017578,133.290802001953,122.979286193848,125.001686096191,126.823348999023,130.069854736328,135.579284667969,135.504623413086,134.600250244141
"Nebraska National Forest",86.4186019897461,97.9732055664062,103.274482727051,108.955337524414,99.2972259521484,88.4799270629883,101.273963928223,95.9083786010742,98.9607009887695,100.01392364502,89.9405975341797,89.3581619262695,107.505958557129,95.3650894165039,82.1162872314453,96.4863891601562,91.2089004516602,100.399536132812,87.1026306152344,89.2495193481445,105.470695495605,101.694564819336,95.3897094726562,87.0831527709961,90.2437896728516,95.0646896362305,84.3542785644531,108.891304016113,87.8561019897461,99.1343002319336,97.5820999145508,80.1457290649414,107.255737304688,101.402084350586,78.1583709716797,78.6180648803711,83.7663955688477,114.288879394531,104.586959838867,98.8613510131836,95.1436080932617
"Bighorn National Forest",112.158874511719,121.802558898926,125.431442260742,123.453269958496,112.529808044434,105.334510803223,109.796646118164,112.839492797852,113.67552947998,120.393043518066,119.514381408691,105.165893554688,118.673980712891,112.837409973145,113.198272705078,119.04761505127,119.225929260254,119.216018676758,114.492568969727,112.93856048584,118.950492858887,122.314102172852,112.95240020752,104.85865020752,109.589256286621,109.802116394043,101.258575439453,128.735931396484,114.443809509277,118.97673034668,124.587142944336,96.8503646850586,121.062461853027,119.750396728516,97.2133712768555,104.211570739746,103.575706481934,119.45728302002,117.602203369141,122.910163879395,117.704574584961
"Rio Grande National Forest",122.695152282715,135.473129272461,139.479095458984,134.217346191406,125.923286437988,121.050086975098,125.633041381836,126.287818908691,113.971488952637,127.749969482422,133.810104370117,122.249549865723,130.675811767578,123.370048522949,133.140121459961,123.207328796387,124.852462768555,131.759750366211,130.777862548828,121.164726257324,121.777366638184,117.819107055664,126.115875244141,115.34513092041,128.865676879883,119.281280517578,118.984725952148,131.584014892578,122.472862243652,128.151763916016,126.240386962891,110.852714538574,126.262580871582,126.778282165527,118.728157043457,125.016983032227,113.029830932617,118.371459960938,127.005165100098,122.207885742188,125.955490112305
"Pike and San Isabel National Forests",94.1547393798828,103.973358154297,107.172943115234,111.395385742188,102.932411193848,86.4771041870117,98.6003112792969,105.381034851074,95.0585632324219,102.07347869873,100.893424987793,96.4873428344727,109.164031982422,99.5398025512695,97.5952835083008,91.2780914306641,98.3937454223633,108.569343566895,95.6571502685547,89.7401275634766,103.493614196777,98.069091796875,98.5950317382812,95.68798828125,97.6638565063477,91.4874038696289,98.219596862793,108.082099914551,90.315559387207,108.619201660156,100.47590637207,90.6374893188477,101.869003295898,100.006156921387,94.7835464477539,92.6258773803711,84.3095855712891,93.9684677124023,105.181175231934,99.9843597412109,103.272743225098
"Mendocino National Forest",42.0857009887695,61.5999984741211,50.8209457397461,41.2022094726562,52.6762313842773,37.5845031738281,53.7296142578125,47.9257392883301,62.0749855041504,55.8566017150879,41.1063804626465,43.3244743347168,58.2669372558594,45.2915191650391,41.9165916442871,40.9485893249512,44.7305908203125,53.9033012390137,57.4975891113281,47.2178993225098,52.9606018066406,47.5313110351562,34.7590560913086,48.6266059875488,45.0966606140137,46.251766204834,43.013729095459,50.4949645996094,40.0626106262207,45.7542114257812,42.8637237548828,39.0630378723145,45.6889266967773,29.0953483581543,28.5103664398193,41.6764450073242,48.2249603271484,35.3039131164551,45.4651718139648,38.840030670166,42.9069976806641
"Stanislaus National Forest",78.6152801513672,94.1022567749023,96.1772003173828,80.8284683227539,82.6603164672852,66.1756591796875,82.478401184082,76.7608871459961,83.7134780883789,81.8739929199219,82.5502319335938,74.7158660888672,85.6451644897461,75.4294738769531,80.6804504394531,68.9563064575195,74.9137115478516,90.3443222045898,85.1621627807617,76.3042526245117,79.1665115356445,75.8009948730469,71.009651184082,73.6035232543945,80.9958877563477,78.9777450561523,69.620491027832,82.5988464355469,72.7256469726562,82.954231262207,81.2479476928711,71.3878784179688,76.0643081665039,59.1976432800293,53.7679748535156,67.0754776000977,78.072639465332,61.2667121887207,81.9828643798828,74.3141937255859,74.0207061767578
"Sierra National Forest",81.9861831665039,95.5743637084961,97.2653579711914,82.9879913330078,87.454460144043,73.3765335083008,85.4076156616211,83.9967727661133,87.0135879516602,88.5829010009766,88.4387817382812,79.3968658447266,89.3662338256836,79.8088150024414,86.8103790283203,74.1495895385742,76.7973022460938,95.1368408203125,87.5077743530273,78.6610794067383,83.5741119384766,80.4107818603516,76.2149124145508,77.1439971923828,85.2583847045898,82.7076721191406,75.0442047119141,85.789665222168,76.2308502197266,89.4112243652344,87.130729675293,75.9094467163086,79.3115463256836,65.6089324951172,63.076717376709,73.9441757202148,81.2686920166016,69.3954467773438,86.0108032226562,79.2443389892578,77.8895034790039
"San Juan National Forest",119.037757873535,128.55924987793,133.698822021484,127.257133483887,119.399635314941,112.194564819336,119.833518981934,120.45970916748,107.057975769043,118.78099822998,130.357849121094,115.25675201416,122.929748535156,115.962692260742,121.54899597168,114.245697021484,116.651321411133,126.351036071777,120.157936096191,116.026962280273,116.086418151855,112.836486816406,120.651237487793,105.474502563477,121.668357849121,114.796340942383,108.406692504883,125.217124938965,114.648536682129,124.188529968262,119.477890014648,108.15446472168,118.14811706543,118.425628662109,108.326019287109,116.826347351074,104.877380371094,111.393188476562,121.629829406738,117.031814575195,118.040016174316
"Boise National Forest",115.912200927734,127.319122314453,123.777412414551,131.152572631836,113.177619934082,110.86735534668,109.199089050293,116.506729125977,112.520820617676,106.79460144043,126.224510192871,101.716133117676,122.647666931152,108.426368713379,118.636772155762,117.827239990234,117.196746826172,115.569778442383,123.953369140625,112.114570617676,116.107803344727,119.10327911377,118.115577697754,100.313522338867,113.471168518066,116.241943359375,100.139656066895,127.011024475098,119.110946655273,123.31600189209,129.503631591797,112.805465698242,113.064567565918,112.632720947266,96.7952880859375,101.635894775391,111.371726989746,112.860122680664,115.542358398438,116.436965942383,116.596878051758
"Beaverhead-Deerlodge National Forest",125.287574768066,136.03190612793,136.328506469727,137.114166259766,120.290885925293,123.27449798584,115.829360961914,124.649993896484,122.06999206543,121.676948547363,137.005630493164,115.597763061523,130.703628540039,118.922508239746,136.425170898438,136.606903076172,130.270889282227,125.429710388184,132.660568237305,120.626098632812,126.538970947266,133.91584777832,128.519073486328,112.615234375,126.621955871582,124.238609313965,115.786834716797,135.138488769531,129.142440795898,130.582641601562,139.351852416992,115.964157104492,124.174041748047,128.017868041992,108.593215942383,113.540786743164,120.527015686035,124.787475585938,126.880676269531,127.47779083252,127.806907653809
"Medicine Bow-Routt National Forest",107.677116394043,118.165863037109,127.285316467285,127.084548950195,113.811012268066,107.6064453125,113.820350646973,115.222511291504,111.176094055176,118.80443572998,119.036087036133,107.741600036621,123.606422424316,112.828582763672,116.480484008789,116.696449279785,118.679336547852,119.728561401367,117.548477172852,111.173164367676,118.887512207031,116.295265197754,114.459442138672,103.733444213867,113.471290588379,109.445137023926,103.665451049805,127.016258239746,112.785713195801,121.38159942627,124.808158874512,96.5667037963867,121.981956481934,118.529487609863,100.227188110352,109.753875732422,99.953254699707,118.782524108887,116.895584106445,119.166046142578,116.945526123047
"Tahoe National Forest",80.5909042358398,95.7404098510742,99.3301010131836,81.8572769165039,83.5282211303711,65.7440185546875,84.0674514770508,73.4989776611328,82.7217788696289,78.7210159301758,80.290901184082,72.7783126831055,85.3054656982422,72.1483612060547,75.0133285522461,66.5081253051758,73.4109878540039,90.4693832397461,89.7499389648438,77.9323348999023,78.2936706542969,75.3688507080078,72.9513320922852,73.2593612670898,81.7134475708008,85.7231521606445,67.28759765625,84.9718933105469,74.9364166259766,82.6298141479492,80.9210739135742,74.4436950683594,73.2083587646484,58.6206016540527,48.9639739990234,66.0948715209961,80.7300109863281,65.4721069335938,85.3360977172852,75.421028137207,80.3186569213867
"Inyo National Forest",103.896759033203,113.234283447266,117.7041015625,102.616188049316,102.638969421387,89.7451629638672,102.43758392334,100.264251708984,95.9453125,101.096084594727,111.82682800293,96.786865234375,105.498870849609,95.7553405761719,102.423347473145,87.1847381591797,91.1174545288086,115.689788818359,104.453163146973,96.3996353149414,97.4215698242188,93.0676574707031,92.3567276000977,90.1948928833008,102.698127746582,102.780479431152,86.7855606079102,101.5732421875,91.9963836669922,109.252220153809,104.323234558105,90.8636322021484,91.4034576416016,78.6829071044922,71.9161376953125,86.0866088867188,96.4890823364258,81.78369140625,104.822448730469,96.4386215209961,97.0922164916992
"Sequoia National Forest",64.4782791137695,78.4352035522461,78.0927963256836,66.0325088500977,74.3806076049805,58.0227394104004,71.3964309692383,67.9673156738281,72.5110549926758,71.982551574707,69.9664611816406,65.9966583251953,73.058219909668,63.1446113586426,67.1690368652344,58.2469749450684,58.8413925170898,72.8561248779297,67.3532333374023,58.8999633789062,67.79296875,61.5041198730469,52.3316993713379,62.2367935180664,64.8739013671875,62.7676048278809,59.626091003418,67.3887634277344,54.9473571777344,67.4763641357422,70.838981628418,55.7830505371094,61.7786102294922,45.4300994873047,46.8925399780273,58.658821105957,63.1349411010742,52.6410064697266,68.4648666381836,60.5005073547363,63.5454177856445
"Klamath National Forest",76.672119140625,101.931541442871,94.64697265625,78.8052062988281,85.1193389892578,65.7732315063477,86.6512603759766,72.5704650878906,90.3046722412109,81.111083984375,74.4142990112305,69.6806793212891,86.4578704833984,74.1734771728516,68.517822265625,65.7834396362305,78.6057434082031,91.8662185668945,97.7427978515625,86.5648803710938,83.1465072631836,78.3682327270508,73.0886077880859,76.3364715576172,69.8469772338867,97.5205078125,71.2706451416016,92.5260009765625,80.0810317993164,85.3303146362305,86.2236251831055,89.5904159545898,79.773811340332,61.9673652648926,45.3467750549316,72.130500793457,85.627082824707,66.9823532104492,89.3059310913086,78.2802047729492,88.1056976318359
"Six Rivers National Forest",48.2092475891113,76.9128570556641,62.854923248291,53.5616455078125,63.5962219238281,46.6306304931641,64.8747940063477,54.966423034668,72.8481292724609,66.2201843261719,46.9272117614746,48.8727836608887,67.3972778320312,54.8194046020508,47.8493919372559,45.8436317443848,55.710620880127,64.1462097167969,72.5227890014648,62.7013511657715,63.3557548522949,56.3176460266113,42.808666229248,58.6445274353027,52.6510810852051,65.0327072143555,53.1828727722168,66.2686233520508,51.5822868347168,56.9162750244141,53.6053199768066,54.0061073303223,58.2419052124023,39.6576957702637,32.1084442138672,50.3789138793945,63.2490272521973,42.8259963989258,63.0588417053223,51.4689292907715,61.5871925354004
"Angeles National Forest",29.8828372955322,42.4588890075684,37.0508842468262,32.6792144775391,42.4971046447754,28.0426769256592,41.4079856872559,39.0037307739258,44.0888977050781,41.0782661437988,33.641040802002,37.197925567627,39.6078109741211,31.7592430114746,36.2700309753418,29.9753227233887,35.6742744445801,36.3079643249512,34.0451850891113,31.0451431274414,43.1078910827637,36.4258117675781,24.4098377227783,37.0389862060547,35.6400871276855,33.417407989502,36.2815933227539,40.8971557617188,26.9587154388428,37.1449699401855,34.3380317687988,29.3524627685547,37.7850227355957,22.8221855163574,26.6486854553223,32.5260162353516,36.9288330078125,25.092622756958,36.3188400268555,29.6080284118652,28.3814029693604
"Lassen National Forest",82.499755859375,98.0951309204102,98.6963500976562,79.6572265625,83.4882431030273,68.1485061645508,87.310546875,75.4286956787109,86.4509429931641,79.7954788208008,80.6128311157227,75.0591354370117,87.9421768188477,75.1670989990234,77.8835983276367,70.3338317871094,75.7743225097656,91.012077331543,92.3593292236328,80.7075271606445,79.6779174804688,78.3399047851562,76.3140258789062,74.3359756469727,76.4373092651367,92.0401229858398,68.5971069335938,88.4363632202148,78.3160171508789,84.9803314208984,87.5459136962891,83.4389724731445,74.4902572631836,58.8388671875,47.3481597900391,67.4313659667969,79.5017395019531,68.0027160644531,85.0392684936523,76.2045516967773,80.9918518066406
"Plumas National Forest",79.9529800415039,94.835334777832,96.8072738647461,79.1288223266602,83.2827224731445,65.5346450805664,84.6421203613281,72.5263900756836,82.9252166748047,78.817268371582,78.649299621582,72.6097640991211,83.8738861083984,71.8420257568359,73.7010192871094,66.4388275146484,72.5321578979492,88.9824523925781,88.2602157592773,76.9445877075195,76.4515686035156,75.1424331665039,71.0454330444336,72.6568298339844,78.4085693359375,87.6341400146484,66.4607849121094,84.7188034057617,74.7229766845703,80.6437911987305,80.1879348754883,75.8060302734375,71.3581314086914,56.1027488708496,46.8894577026367,64.8352508544922,78.7312927246094,66.7548904418945,83.9758911132812,73.0289459228516,79.2041702270508
"Carson National Forest",107.950965881348,116.601127624512,123.408172607422,119.652351379395,109.458061218262,95.8575820922852,114.538612365723,108.729499816895,98.2159118652344,109.843292236328,117.028831481934,108.334342956543,113.855499267578,106.722160339355,104.125465393066,102.993965148926,103.778266906738,116.670768737793,107.16187286377,103.975212097168,107.464233398438,100.975982666016,107.779777526855,97.8101806640625,111.608703613281,103.559097290039,98.7820816040039,111.917900085449,103.128677368164,112.466690063477,101.692405700684,98.4300231933594,105.362617492676,105.95304107666,95.0633850097656,99.7199172973633,91.3488388061523,99.9527130126953,107.907997131348,105.374252319336,108.148902893066
"Cibola National Forest",74.9937210083008,77.0238037109375,83.7509460449219,81.641487121582,79.4729614257812,59.03662109375,81.8410339355469,81.7188186645508,73.8742370605469,77.5752258300781,78.4539108276367,77.9197463989258,83.6299667358398,77.5120468139648,66.6194763183594,62.9994773864746,75.1621780395508,86.3081893920898,63.0301666259766,61.3822288513184,83.3107604980469,76.4462661743164,74.2762298583984,76.5613098144531,71.4951248168945,68.4240646362305,75.2050018310547,79.3580932617188,63.4672431945801,89.3048095703125,72.5200881958008,74.8406448364258,76.3282699584961,70.0207748413086,69.8135833740234,63.5884895324707,60.5729141235352,68.9963912963867,78.5976638793945,75.5165176391602,78.2300033569336
"Coronado National Forest",35.734920501709,38.6295166015625,41.4396057128906,35.0115203857422,44.3462181091309,28.0231094360352,36.5509262084961,37.414005279541,39.3456268310547,43.589672088623,36.3077621459961,40.3957176208496,33.092887878418,34.8100852966309,35.0836143493652,33.1515426635742,36.781982421875,35.1931037902832,29.1459770202637,28.0890712738037,42.2231750488281,36.6650352478027,27.5194129943848,40.4968643188477,32.8930130004883,32.7010726928711,42.1230430603027,37.6002082824707,27.4764747619629,38.389217376709,42.2111396789551,31.226713180542,45.2940368652344,28.1701755523682,31.9199295043945,37.0722541809082,36.0032196044922,30.4907093048096,35.3018264770508,32.3300247192383,34.6171112060547
"Lincoln National Forest",58.8208999633789,57.2413787841797,63.7053604125977,63.1063919067383,64.7050628662109,46.6609001159668,59.9098625183105,64.3466873168945,55.4713020324707,58.4045333862305,59.7419090270996,65.3603973388672,58.6917343139648,54.9868507385254,49.8549118041992,47.8072547912598,61.4276885986328,58.3245429992676,41.3781700134277,44.2388305664062,65.1769714355469,57.7124633789062,44.1244125366211,61.0716743469238,50.5039596557617,44.705680847168,61.952335357666,57.8572616577148,46.1677055358887,72.3680572509766,57.3964424133301,54.2411842346191,63.5408554077148,49.075611114502,53.7935066223145,52.5130729675293,43.9352340698242,47.9013595581055,54.2621841430664,53.7413711547852,54.5286750793457
"Kaibab National Forest",75.9560317993164,82.4579238891602,83.9590148925781,78.1719818115234,81.2141876220703,60.596565246582,83.5668106079102,79.6030044555664,73.6850967407227,80.0734939575195,83.1437530517578,80.6287841796875,81.6597290039062,75.5322341918945,67.8390960693359,61.0407981872559,76.0289611816406,86.1706771850586,66.009407043457,67.5777282714844,81.5675888061523,76.515983581543,63.289966583252,77.3861312866211,74.1411590576172,74.0394592285156,72.152458190918,82.2009048461914,68.3335266113281,87.4563751220703,76.5799713134766,72.635498046875,76.8562469482422,58.521728515625,51.0018730163574,61.7836647033691,65.0795745849609,58.7923545837402,81.0064544677734,75.5232620239258,78.4908294677734
"Gila National Forest",73.2370452880859,75.2510757446289,83.1905517578125,74.4848175048828,75.8334197998047,54.7823829650879,77.9762420654297,74.7062072753906,68.1285400390625,76.8955001831055,76.2916717529297,80.7638397216797,75.306640625,70.9780883789062,64.2439575195312,56.5565338134766,70.9732437133789,81.7676467895508,57.0332260131836,56.2478942871094,76.7002105712891,69.7460250854492,59.8047866821289,72.778450012207,69.2011413574219,60.8958740234375,69.5498809814453,71.7660064697266,57.5449638366699,84.6285781860352,67.8362121582031,65.5764617919922,73.2404174804688,55.3399658203125,55.7912864685059,58.0531196594238,58.2578811645508,55.2988319396973,70.5526351928711,67.3113632202148,67.8733596801758
"Prescott National Forest",48.1187477111816,58.7262802124023,55.1343193054199,49.6218223571777,59.7623672485352,39.4979400634766,56.4103164672852,56.3200607299805,56.7113342285156,62.7507019042969,53.9598541259766,56.4338569641113,56.971019744873,54.4897155761719,51.2082443237305,43.8783226013184,56.3076286315918,60.7941474914551,44.2510261535645,45.9296531677246,62.040901184082,53.0756759643555,38.1472663879395,60.9146919250488,52.2914619445801,46.6486473083496,54.5456657409668,62.1920280456543,43.8598480224609,58.6483993530273,55.1329956054688,48.0025939941406,58.9946250915527,37.8997230529785,36.4184455871582,45.960563659668,48.3405342102051,36.497257232666,55.3551330566406,49.2207450866699,51.0897979736328
"Apache-Sitgreaves National Forests",77.4093704223633,79.1635131835938,87.5560836791992,79.4281692504883,79.1213684082031,58.4204330444336,82.5776062011719,77.5890350341797,73.0250015258789,81.2017364501953,81.7636337280273,84.8552932739258,81.0060577392578,75.8081970214844,69.1574554443359,60.016773223877,75.7428665161133,86.9225463867188,63.3248405456543,59.9653739929199,81.7515029907227,73.7602767944336,63.1767044067383,76.3196029663086,73.4018936157227,66.28076171875,71.6427841186523,78.6969680786133,63.598217010498,86.6242599487305,73.0439758300781,71.1531066894531,77.2258148193359,59.0708236694336,55.7426338195801,60.998851776123,62.4386711120605,59.2093315124512,75.9020614624023,71.4283981323242,73.8800964355469
"Lake Tahoe Basin Management Unit",106.042419433594,117.858383178711,127.867126464844,110.856842041016,102.498527526855,84.4327392578125,102.05908203125,93.8074798583984,97.3648223876953,93.1771697998047,109.430244445801,94.6796264648438,105.884819030762,93.5768432617188,100.188346862793,86.9744033813477,94.5691528320312,113.588417053223,112.594886779785,100.013549804688,96.1022491455078,93.8794250488281,98.3302917480469,87.8996429443359,107.579322814941,109.930526733398,85.2653121948242,105.631660461426,99.1139144897461,107.989326477051,104.806694030762,96.2319259643555,94.0324783325195,82.2014846801758,63.6993827819824,82.8141021728516,100.85026550293,83.9920196533203,109.510139465332,100.286849975586,102.889129638672
"Humboldt-Toiyabe National Forest",102.720924377441,109.359443664551,115.126480102539,110.489105224609,99.6224975585938,79.8723220825195,98.9468231201172,95.49609375,92.2960205078125,92.2925109863281,108.361953735352,91.5420379638672,100.407676696777,93.5481719970703,89.5288772583008,88.428581237793,93.2620239257812,107.684387207031,103.873085021973,95.1378173828125,98.7541046142578,95.796745300293,94.8204650878906,86.7583389282227,103.566619873047,104.307312011719,84.318489074707,107.677215576172,99.4198913574219,108.510948181152,105.537406921387,93.4960632324219,95.1662979125977,87.6513519287109,70.5575866699219,85.4932556152344,89.6193923950195,90.5203857421875,102.334205627441,102.474754333496,101.751174926758
"Manti-La Sal National Forest",101.295478820801,107.783294677734,114.768829345703,114.831893920898,100.363021850586,84.9115371704102,104.552528381348,103.680839538574,89.7651062011719,93.4237976074219,109.942596435547,94.3437271118164,102.122756958008,93.6798095703125,90.5667572021484,92.3102722167969,96.630485534668,106.241355895996,97.3336486816406,95.0000762939453,98.6553115844727,98.4275970458984,99.7593612670898,87.9141616821289,100.147338867188,100.561012268066,86.5637054443359,109.433929443359,96.1427612304688,109.061950683594,104.449684143066,93.5147933959961,100.14860534668,94.7937927246094,84.667724609375,92.5189666748047,85.3181991577148,96.3555374145508,103.757881164551,102.005508422852,102.173446655273
"Payette National Forest",120.758918762207,130.869888305664,127.532249450684,135.568359375,115.643226623535,115.074859619141,111.686058044434,119.337326049805,115.105758666992,108.369674682617,130.587554931641,105.416007995605,125.401710510254,112.083915710449,124.548583984375,124.240814208984,122.13298034668,118.682594299316,129.158889770508,116.458480834961,120.089866638184,124.351943969727,123.465538024902,104.579971313477,116.800254821777,120.589866638184,107.107521057129,130.558364868164,124.126121520996,126.457092285156,135.905792236328,116.409561157227,116.801078796387,119.640510559082,102.213958740234,106.233444213867,118.265312194824,117.290733337402,119.248680114746,121.316017150879,120.240127563477
"Caribou-Targhee National Forest",118.260902404785,130.422378540039,133.775680541992,134.363708496094,116.983589172363,117.168952941895,113.64990234375,119.791763305664,114.264930725098,112.540664672852,131.568252563477,109.027603149414,127.626541137695,115.040534973145,128.952865600586,126.333534240723,124.385917663574,123.557006835938,129.443817138672,116.675392150879,120.647911071777,122.431465148926,121.98511505127,107.044647216797,123.652305603027,119.439163208008,108.829849243164,132.08088684082,122.642707824707,126.483039855957,134.929443359375,110.419380187988,121.784111022949,121.372573852539,104.781455993652,113.32495880127,115.128173828125,119.351043701172,122.120834350586,122.971122741699,123.62035369873
"Bridger-Teton National Forest",127.771148681641,144.67463684082,148.904968261719,143.635269165039,126.246246337891,134.815093994141,121.606704711914,132.730255126953,127.176834106445,131.878372192383,143.661163330078,124.430282592773,139.295471191406,127.127349853516,147.580383300781,142.456726074219,136.248840332031,136.528472900391,143.837921142578,128.315444946289,130.886169433594,138.38346862793,136.062866210938,123.232955932617,137.215774536133,129.091751098633,122.355163574219,142.106750488281,136.256546020508,143.119506835938,150.007827758789,123.044647216797,134.023559570312,135.753280639648,127.353462219238,129.281890869141,130.823013305664,130.491226196289,137.111434936523,135.178726196289,135.665710449219
"Salmon-Challis National Forest",127.907485961914,138.58772277832,139.83935546875,141.896865844727,121.305122375488,127.493576049805,117.047904968262,128.123306274414,120.961433410645,118.661392211914,140.845245361328,116.467697143555,132.919418334961,119.074638366699,139.122100830078,136.66552734375,129.727142333984,127.232398986816,136.151672363281,123.639434814453,126.172431945801,132.207046508789,133.399124145508,112.039138793945,128.699813842773,126.96915435791,115.830741882324,135.903701782227,131.073318481445,136.058731079102,142.335052490234,120.871047973633,125.206901550293,128.982482910156,114.797477722168,115.952926635742,125.784034729004,125.100395202637,126.878761291504,128.805618286133,128.928573608398
"Sawtooth National Forest",116.654243469238,127.289566040039,127.85425567627,131.329177856445,112.506530761719,107.34496307373,109.607269287109,115.419624328613,111.226867675781,106.824119567871,127.137084960938,101.26114654541,121.030426025391,108.669624328613,117.100708007812,117.931968688965,117.389770507812,118.79956817627,123.968368530273,113.36198425293,116.610206604004,116.205429077148,117.593223571777,100.121002197266,117.838096618652,117.155166625977,100.501724243164,127.951972961426,119.081085205078,125.673538208008,130.263168334961,110.060043334961,114.024635314941,112.216361999512,95.8261337280273,105.579513549805,110.816558837891,114.195671081543,116.652488708496,118.708480834961,118.305320739746
"Ashley National Forest",117.070274353027,129.27783203125,134.116195678711,131.685348510742,114.467079162598,109.958869934082,116.379295349121,119.634643554688,109.736396789551,113.587463378906,130.895904541016,109.19352722168,123.7900390625,112.454025268555,123.469207763672,118.625595092773,121.562812805176,123.775947570801,123.60205078125,114.640151977539,115.912704467773,114.361869812012,119.070922851562,104.043655395508,121.335189819336,117.160125732422,106.018783569336,131.500442504883,119.543273925781,125.898002624512,130.897735595703,105.962043762207,120.649673461914,116.866310119629,104.913467407227,115.39672088623,107.772651672363,115.706764221191,122.215454101562,120.714660644531,120.744125366211
"Fishlake National Forest",103.744987487793,112.05094909668,118.296691894531,118.084915161133,103.407737731934,85.3567352294922,105.068687438965,104.77108001709,89.5590591430664,95.0589599609375,113.325035095215,97.6045761108398,104.740844726562,96.6180801391602,92.3596038818359,93.0049133300781,96.532844543457,108.701835632324,101.749931335449,96.2723388671875,100.386672973633,99.1858596801758,101.393196105957,90.809684753418,105.972297668457,104.693420410156,88.5125579833984,111.41919708252,100.360771179199,112.446556091309,108.408187866211,96.6395874023438,101.766181945801,96.39599609375,86.8684616088867,95.5212936401367,86.7518081665039,99.1238098144531,105.924415588379,105.985977172852,105.097282409668
"Ozark-St. Francis National Forest",57.2091064453125,62.640941619873,57.9936599731445,56.1664657592773,67.289924621582,44.7444953918457,55.7961807250977,63.7336921691895,62.0407333374023,40.7085266113281,60.2211647033691,50.5224342346191,68.6227569580078,60.0892295837402,57.0294380187988,54.953556060791,53.1032676696777,52.838508605957,40.6239776611328,49.1530952453613,64.6967315673828,56.6574440002441,69.9998397827148,60.8936233520508,47.9020500183105,38.141284942627,62.1039657592773,64.8417663574219,58.5379600524902,70.7242050170898,57.1481437683105,45.9592208862305,62.7102813720703,72.3453216552734,71.86181640625,56.3434257507324,38.7258682250977,56.5372695922852,61.2178993225098,50.5249633789062,63.8154640197754
"Hiawatha National Forest",114.799606323242,122.449234008789,128.564056396484,117.037673950195,114.846557617188,114.761985778809,106.515480041504,122.866836547852,125.034690856934,116.044898986816,115.514877319336,127.462524414062,123.614654541016,121.017578125,126.353706359863,134.665145874023,125.684394836426,111.964683532715,115.944213867188,116.946617126465,118.799713134766,124.36107635498,122.332954406738,128.41291809082,108.069595336914,110.283615112305,115.265754699707,116.728286743164,123.332122802734,100.91771697998,125.359130859375,94.9176635742188,126.394607543945,131.233520507812,123.048530578613,122.127510070801,117.855377197266,127.066886901855,129.022109985352,134.497528076172,110.823501586914
"Chequamegon-Nicolet National Forest",106.664726257324,120.284439086914,122.900283813477,115.155822753906,111.889945983887,109.513214111328,103.694671630859,117.533226013184,117.690032958984,114.333518981934,109.400299072266,122.832611083984,122.481414794922,115.013259887695,124.309791564941,128.906982421875,121.616821289062,105.478012084961,111.935356140137,114.144248962402,115.968566894531,116.069000244141,112.904441833496,117.589233398438,103.637771606445,107.438301086426,107.726707458496,118.731063842773,117.516899108887,97.9201278686523,124.871635437012,81.9610366821289,126.679222106934,127.135513305664,110.642562866211,111.09952545166,109.407844543457,123.323753356934,120.732856750488,124.661270141602,104.339866638184
"Wayne National Forest",90.8730239868164,82.4833984375,74.2921829223633,90.8052368164062,83.9010543823242,79.8583679199219,86.4219131469727,87.7445526123047,81.5940170288086,66.2903823852539,81.8122634887695,72.5411071777344,89.8232803344727,91.5701065063477,78.8846969604492,89.9744567871094,74.6469421386719,73.8997802734375,87.2597198486328,67.2642059326172,91.1429672241211,74.8327865600586,83.5896987915039,84.7265930175781,85.3493118286133,73.110954284668,79.2653884887695,87.2577590942383,75.9139556884766,84.5219268798828,79.6981201171875,73.1952438354492,98.1400680541992,90.3167877197266,90.8917694091797,72.9388198852539,54.2996368408203,69.3982315063477,81.5086441040039,76.4333648681641,81.8645477294922
"Hoosier National Forest",85.7892150878906,79.9816284179688,67.6091995239258,87.7666091918945,78.8251571655273,75.3280563354492,77.2735595703125,85.1005783081055,81.2080688476562,57.474308013916,80.256462097168,65.4130706787109,90.7304534912109,85.9780197143555,72.9761047363281,74.9847259521484,68.6138381958008,69.8020248413086,77.1274795532227,61.1324577331543,86.9808883666992,69.5007400512695,81.342658996582,75.5252304077148,76.963981628418,62.3291511535645,74.1285781860352,82.3335800170898,72.8802642822266,81.3322830200195,74.8722839355469,66.5304794311523,92.5598526000977,90.3302536010742,86.4008865356445,71.5864562988281,51.2866363525391,68.2943878173828,78.143196105957,70.8234252929688,76.2911224365234
"Huron-Manistee National Forest",99.1575469970703,117.029525756836,116.303695678711,114.541786193848,109.977561950684,102.700386047363,102.971908569336,110.752532958984,115.476203918457,112.014572143555,101.361846923828,116.996238708496,117.605903625488,111.630996704102,115.083801269531,121.377410888672,115.297515869141,99.8539886474609,103.783638000488,94.1492080688477,110.362236022949,107.779731750488,107.638572692871,109.263229370117,103.859008789062,106.544563293457,102.282531738281,111.068542480469,113.457214355469,94.4457550048828,115.727172851562,81.368896484375,120.246948242188,117.903648376465,112.468299865723,109.512229919434,102.7998046875,121.99137878418,114.956649780273,116.848930358887,98.6403579711914
"Chippewa National Forest",110.896354675293,119.346961975098,122.734703063965,112.598899841309,111.289123535156,110.527954101562,103.190002441406,115.748924255371,120.25643157959,114.309349060059,111.436538696289,124.052680969238,118.318046569824,116.243606567383,124.068374633789,131.158721923828,120.261817932129,111.006019592285,114.785079956055,116.506576538086,120.764450073242,126.384201049805,109.157440185547,118.774490356445,103.545715332031,106.467140197754,112.511611938477,124.996810913086,118.437355041504,102.72306060791,123.755752563477,88.4256744384766,130.436401367188,126.138130187988,108.009269714355,109.712265014648,105.271858215332,122.618545532227,119.731246948242,123.509963989258,115.025573730469
"White Mountain National Forest",101.58553314209,119.629302978516,119.633651733398,118.206047058105,116.780960083008,111.243217468262,106.140762329102,118.068786621094,122.785148620605,115.987289428711,111.529029846191,124.11841583252,112.503059387207,119.965072631836,119.591827392578,121.608055114746,122.90355682373,109.550605773926,116.131423950195,113.860412597656,119.784614562988,108.99967956543,117.023506164551,116.701156616211,114.777030944824,110.732276916504,118.59203338623,115.557144165039,115.581878662109,101.854904174805,119.17652130127,99.2750396728516,118.07740020752,119.516723632812,120.070068359375,113.62841796875,110.964500427246,120.961929321289,117.880828857422,122.508964538574,104.817649841309
"Monongahela National Forest",94.0370635986328,94.851676940918,94.4798355102539,97.8006362915039,89.9933929443359,85.7789001464844,97.3072967529297,90.0395050048828,85.258415222168,69.8914489746094,86.5924911499023,89.3119735717773,97.4543685913086,94.7707901000977,85.817985534668,96.528678894043,81.5605697631836,87.5211334228516,92.4513397216797,78.8302612304688,98.0185241699219,84.4036712646484,88.1515121459961,92.1388931274414,90.2655944824219,84.9050216674805,82.1545715332031,90.3623886108398,84.4063415527344,90.8674697875977,88.57275390625,77.0422058105469,101.40202331543,97.2487030029297,94.3377990722656,78.7508010864258,64.005859375,78.7389755249023,89.9070053100586,77.8171615600586,87.581657409668
"Superior National Forest",121.116394042969,121.213394165039,126.858261108398,116.276657104492,113.147407531738,114.899490356445,105.043342590332,120.434150695801,126.478538513184,115.153579711914,115.336547851562,127.098831176758,124.110961914062,124.525077819824,127.93408203125,135.167617797852,125.717361450195,113.90633392334,118.118499755859,118.940643310547,121.760124206543,130.127716064453,117.353355407715,127.4755859375,107.031181335449,110.74129486084,115.058631896973,127.883712768555,122.64958190918,103.825798034668,126.643531799316,92.2082061767578,133.569931030273,133.602188110352,117.900802612305,115.818824768066,120.129570007324,126.067649841309,127.187103271484,130.423095703125,118.278984069824
"Shawnee National Forest",69.2712631225586,74.4249114990234,68.7225570678711,81.658576965332,73.5511703491211,68.3547744750977,66.9533538818359,77.8124694824219,75.6190414428711,50.4673919677734,72.9096069335938,59.5251579284668,82.5083160400391,76.6551666259766,71.633430480957,58.6693572998047,60.8929023742676,58.8454971313477,52.8944358825684,57.2254219055176,78.1405410766602,65.2948226928711,78.7678604125977,65.7846374511719,62.5574569702148,55.2855186462402,69.2718887329102,77.9754638671875,70.2812271118164,74.4286346435547,70.5312042236328,59.1529655456543,80.5325393676758,87.1716842651367,78.914421081543,69.0306625366211,47.3542213439941,60.1129951477051,72.5983581542969,66.5463027954102,72.2584228515625
"Allegheny National Forest",96.8067169189453,113.505157470703,105.315155029297,109.911460876465,107.929458618164,98.4487609863281,104.411087036133,97.2630004882812,109.120834350586,97.4600219726562,99.9572067260742,109.126312255859,105.225425720215,106.950813293457,109.963928222656,113.310501098633,101.883819580078,90.6712112426758,102.565071105957,93.7135009765625,107.425926208496,103.853759765625,100.437232971191,105.543731689453,104.221054077148,102.471481323242,96.8721237182617,106.874244689941,108.857383728027,95.1350708007812,109.871887207031,82.3937835693359,105.831199645996,107.290184020996,107.486953735352,94.9370651245117,92.8508682250977,111.763542175293,103.240074157715,96.6353759765625,95.5504379272461
"Los Padres National Forest",27.1397323608398,38.6165771484375,33.7580871582031,30.2016773223877,39.6976051330566,27.2093620300293,36.6943969726562,34.2175979614258,39.0718994140625,35.694652557373,31.8166255950928,32.4234466552734,34.1469955444336,28.0210552215576,31.5073261260986,30.8405075073242,30.3759307861328,32.3222961425781,33.1519355773926,28.0136127471924,38.4796562194824,37.8085975646973,24.9109344482422,35.767936706543,29.9604358673096,32.0219345092773,35.4195594787598,37.6025886535645,25.223295211792,34.1830406188965,29.31760597229,29.3711204528809,33.8315963745117,22.4094047546387,26.4369716644287,29.3828086853027,34.4494552612305,26.0945854187012,31.37034034729,29.2300052642822,26.5201034545898
"Shasta-Trinity National Forest",65.8232955932617,88.5215530395508,79.9374237060547,65.6675491333008,73.3297958374023,55.8636512756348,78.6065368652344,65.4317245483398,81.3525466918945,73.5553970336914,62.8979377746582,62.258243560791,79.1050796508789,65.8717041015625,61.2036094665527,57.8045120239258,67.3598937988281,80.0104141235352,85.7555465698242,74.5306625366211,73.4442901611328,68.9222183227539,59.5733947753906,68.5149230957031,61.4688911437988,82.3237838745117,61.9920806884766,77.7809600830078,66.7152557373047,73.5147399902344,72.2298431396484,71.538200378418,67.3336410522461,49.1866455078125,38.82275390625,60.4250221252441,73.4933547973633,54.6055488586426,76.8586044311523,62.8352546691895,72.99560546875
"Cleveland National Forest",25.8062953948975,32.8755416870117,27.7104530334473,28.6367607116699,34.6338386535645,23.6153869628906,32.3977127075195,31.6462993621826,33.402889251709,33.7926216125488,28.3982429504395,27.9329319000244,29.3739032745361,25.3220558166504,29.8855857849121,25.9216957092285,27.9958457946777,27.4457130432129,27.499641418457,23.0576972961426,34.6669387817383,30.9605293273926,21.5133152008057,28.3350048065186,26.1082992553711,28.4246959686279,31.6535758972168,32.939754486084,20.2681140899658,29.8005657196045,26.9043636322021,27.0934047698975,28.1622085571289,18.8419952392578,24.2734680175781,26.1832218170166,31.315975189209,20.4706153869629,26.7996711730957,25.955940246582,19.9850196838379
"Midewin National Tallgrass Prairie",92.0643310546875,104.405563354492,90.7267761230469,102.185890197754,93.3716201782227,90.0699310302734,96.2045974731445,94.0502624511719,94.8715438842773,74.2602615356445,91.0166625976562,102.004875183105,105.928565979004,96.0880737304688,95.2046432495117,102.34912109375,92.7472610473633,88.6012115478516,94.091911315918,76.0005111694336,99.0096054077148,102.694259643555,92,89.9159774780273,94.1144027709961,94.9846496582031,85.5454406738281,102.982040405273,83.6452255249023,91.734130859375,99.4887542724609,78.0092163085938,103.485313415527,103.416946411133,96.9168472290039,83.6926345825195,85.9890975952148,108.868194580078,99.8004989624023,95.1695251464844,92.8291549682617
"Mark Twain National Forest",64.2385330200195,74.7367935180664,69.1217269897461,78.788330078125,75.6011047363281,65.3708114624023,66.3356857299805,79.9866790771484,76.2339477539062,56.4327926635742,69.4621887207031,59.7258644104004,83.4336776733398,73.1857604980469,71.5538482666016,59.6140632629395,63.6561126708984,66.2856826782227,55.2484893798828,56.6814994812012,81.0518569946289,70.3128967285156,78.4721908569336,67.3983612060547,59.8291320800781,54.3923301696777,70.8303604125977,77.4146118164062,70.6076278686523,75.8093338012695,70.932014465332,60.2112045288086,80.2596130371094,83.9078826904297,76.449333190918,66.3944931030273,47.8843688964844,65.5978851318359,76.690673828125,68.4571838378906,71.7614669799805
"Columbia River Gorge National Scenic Area",77.5667266845703,95.006591796875,74.7903137207031,85.2475128173828,93.0884475708008,73.8114013671875,79.3872299194336,79.3139038085938,89.8137512207031,77.8751525878906,71.8757171630859,63.3673820495605,91.5071105957031,73.7060623168945,70.4314575195312,72.8698577880859,86.2092971801758,79.9954071044922,89.0212631225586,90.168586730957,89.3187637329102,89.9993133544922,75.1360244750977,78.6944961547852,66.3964538574219,82.9738311767578,76.5324172973633,91.4701538085938,94.9068374633789,73.4506225585938,90.5788192749023,92.2460708618164,81.4884490966797,80.1679229736328,55.1552200317383,67.8915939331055,92.7488250732422,78.7045974731445,90.694206237793,77.5212783813477,81.3885116577148
"Uinta-Wasatch-Cache National Forest",108.51628112793,119.89875793457,125.757995605469,126.70140838623,110.690437316895,99.8801422119141,109.810119628906,112.812606811523,102.087783813477,103.541046142578,120.411277770996,99.9951324462891,115.736618041992,104.790023803711,109.494316101074,110.110832214355,110.174163818359,115.371650695801,114.787544250488,105.494003295898,109.906402587891,109.557792663574,109.819549560547,98.8919906616211,114.699928283691,110.886039733887,98.5375442504883,124.885139465332,111.76936340332,119.534034729004,122.44856262207,101.066818237305,113.576271057129,108.138534545898,94.2819213867188,104.765930175781,99.449951171875,108.810844421387,113.828765869141,113.040596008301,113.795593261719
"George Washington and Jefferson National Forest",89.1877746582031,81.7229537963867,80.2882919311523,85.8244857788086,80.4368209838867,78.6523208618164,88.1767883300781,83.7321090698242,74.5210571289062,54.9289169311523,74.883918762207,71.3457412719727,87.0707244873047,84.9984970092773,75.2262496948242,84.8782119750977,67.7100219726562,78.4772033691406,75.5040893554688,66.5807189941406,84.9268341064453,74.3395156860352,80.8486480712891,80.2519683837891,76.3015289306641,70.3013381958008,75.3535995483398,79.0498809814453,75.8497467041016,84.5508880615234,76.6886901855469,67.9564361572266,92.1669311523438,88.832389831543,84.9652481079102,73.7567367553711,53.9455108642578,61.4209671020508,74.037109375,67.5269927978516,78.6219940185547
"Kisatchie National Forest",40.2168273925781,30.9528656005859,40.1569290161133,42.8881187438965,50.2007026672363,30.752046585083,35.6757545471191,38.1045837402344,27.6146450042725,23.424129486084,35.0455055236816,34.1415214538574,30.2741012573242,31.9079837799072,29.7346858978271,33.374927520752,35.8080215454102,30.5504417419434,23.7961158752441,19.7173500061035,37.5557441711426,28.181022644043,38.1191482543945,38.9165954589844,29.2040691375732,27.304386138916,32.2723922729492,36.3768844604492,33.931755065918,50.9883270263672,37.3913230895996,23.6866321563721,28.2746753692627,44.2173843383789,39.1365394592285,31.2107372283936,19.2374057769775,42.3714599609375,30.635082244873,21.89674949646,27.8621501922607
"El Yunque National Forest",NA,NA,NA,NA,NA,NA,NA,NA,NA,NA,NA,NA,NA,NA,NA,NA,NA,NA,NA,NA,NA,NA,NA,NA,NA,NA,NA,NA,NA,NA,NA,NA,NA,NA,NA,NA,NA,NA,NA,NA,NA
"Daniel Boone National Forest",86.3456268310547,70.1645584106445,67.940544128418,80.2520294189453,76.5539932250977,68.638557434082,76.6863555908203,78.6285781860352,67.7689056396484,44.1367378234863,71.8925094604492,62.6844673156738,77.7575836181641,77.0049209594727,67.7512130737305,73.1172103881836,58.8842163085938,63.182746887207,61.1729736328125,58.593433380127,76.0790863037109,71.0835189819336,76.2949981689453,69.4938201904297,67.7554626464844,60.7108917236328,70.537712097168,75.3873748779297,71.5846252441406,78.2917633056641,66.6598205566406,59.748348236084,80.888298034668,79.8915328979492,79.1049423217773,71.1659698486328,48.3127670288086,51.8658714294434,62.405445098877,61.1228446960449,73.0498123168945
"Malheur National Forest",112.342926025391,118.855667114258,115.074333190918,125.409629821777,104.792549133301,94.7176895141602,105.485961914062,103.877059936523,104.61848449707,96.2041244506836,114.489143371582,89.3073196411133,117.87629699707,101.738052368164,102.209678649902,99.1582717895508,109.958854675293,112.925987243652,118.544273376465,106.246078491211,113.563995361328,107.291679382324,111.550468444824,94.1802215576172,105.92594909668,115.309745788574,94.4959335327148,124.413093566895,114.027961730957,115.667694091797,127.786499023438,109.68138885498,107.587982177734,103.05256652832,80.7301635742188,96.3746719360352,106.830963134766,105.974075317383,109.155220031738,112.094390869141,111.899101257324
"Siuslaw National Forest",43.0819282531738,62.8094291687012,43.9571952819824,44.0508499145508,69.0774307250977,42.5062675476074,47.3465194702148,51.2869262695312,66.3320007324219,55.2135543823242,45.4251594543457,38.057746887207,61.7604866027832,48.8592147827148,36.706111907959,43.5627059936523,51.3189926147461,38.7714309692383,52.9992942810059,52.818717956543,50.8198051452637,52.7640228271484,33.5501327514648,47.01318359375,51.2290840148926,40.4509811401367,53.2793350219727,61.6418304443359,55.7645072937012,35.243724822998,55.1528129577637,52.0683631896973,56.7378540039062,45.5788383483887,33.3604316711426,40.0010185241699,60.9608345031738,38.8995552062988,62.7478942871094,41.4863967895508,47.7181777954102
"Willamette National Forest",94.4778289794922,120.364151000977,108.355537414551,104.013702392578,103.518768310547,78.7025756835938,86.1638793945312,90.4341812133789,98.8252639770508,87.5230712890625,90.0692291259766,73.7003402709961,102.986511230469,85.1121978759766,82.9908447265625,80.8787689208984,97.2774658203125,92.3174819946289,110.049751281738,99.2687530517578,95.173469543457,97.6258850097656,85.6880035400391,82.7966003417969,80.1116714477539,100.07666015625,85.3098526000977,111.301307678223,99.5413360595703,89.9381103515625,102.48755645752,99.5501098632812,91.8718795776367,81.320198059082,55.9230537414551,76.9741439819336,99.0015182495117,82.6329574584961,96.6152725219727,95.8270034790039,97.3946914672852
"Fremont-Winema National Forest",111.530479431152,122.373863220215,125.681198120117,120.262680053711,103.419418334961,92.6752777099609,104.142601013184,99.6062393188477,104.952934265137,94.5540008544922,115.906814575195,91.0252532958984,115.184997558594,99.1631622314453,99.5652770996094,95.9766311645508,107.561386108398,113.572906494141,120.305961608887,105.47061920166,111.347511291504,103.57698059082,113.301635742188,92.8001480102539,107.114685058594,117.940124511719,93.3917922973633,120.959922790527,111.975723266602,116.533203125,126.195129394531,114.163276672363,104.660614013672,96.4924545288086,70.1271743774414,92.3784027099609,107.206756591797,102.016403198242,110.796760559082,110.36124420166,110.373779296875
"Wallowa-Whitman National Forest",110.02513885498,117.528457641602,108.966453552246,123.27734375,105.948036193848,96.0838165283203,103.253067016602,106.29370880127,106.122161865234,98.0905380249023,116.079406738281,88.6847152709961,116.48494720459,102.193687438965,105.520484924316,102.500846862793,112.389839172363,111.390579223633,117.724266052246,106.67903137207,113.353393554688,112.624687194824,110.579582214355,94.9142990112305,101.357437133789,112.099624633789,94.016242980957,124.424186706543,113.829925537109,113.002059936523,126.898971557617,108.787269592285,107.873001098633,106.519538879395,82.5399627685547,96.0619659423828,107.49169921875,107.104225158691,110.106300354004,112.664627075195,110.755355834961
"Colville National Forest",111.229179382324,121.471954345703,111.148910522461,120.729148864746,111.266212463379,107.818542480469,106.181381225586,110.249534606934,110.888526916504,101.939659118652,114.665702819824,96.183837890625,118.660690307617,104.112663269043,112.015701293945,117.192680358887,119.189353942871,109.228012084961,114.897026062012,110.056045532227,116.57315826416,115.401382446289,113.162117004395,98.3930282592773,107.166717529297,111.97371673584,108.746307373047,126.024635314941,117.042869567871,112.692718505859,126.672424316406,114.814239501953,111.561592102051,112.437866210938,96.1987686157227,99.6059265136719,118.042144775391,115.740432739258,106.985404968262,114.614585876465,110.760467529297
"Okanogan-Wenatchee National Forest",117.880561828613,128.356918334961,116.871315002441,129.869827270508,118.203742980957,118.514045715332,110.459373474121,113.183639526367,114.075790405273,106.806144714355,120.430847167969,98.5980377197266,122.711112976074,106.549705505371,115.897422790527,122.283248901367,122.553375244141,112.559715270996,125.761985778809,116.261039733887,119.279754638672,123.937126159668,120.238670349121,104.519187927246,99.9855041503906,116.97403717041,112.567840576172,126.089515686035,120.48957824707,117.650085449219,132.18879699707,119.890571594238,112.366386413574,114.275894165039,93.915168762207,101.020141601562,122.568367004395,115.512657165527,111.605514526367,117.623489379883,115.78816986084
"Umatilla National Forest",99.6969299316406,106.76741027832,90.1998291015625,109.542709350586,100.78833770752,88.0501251220703,96.6364822387695,97.0539779663086,101.260795593262,91.5964736938477,99.7915954589844,79.144416809082,109.108116149902,91.5961990356445,90.4496841430664,91.44140625,102.675102233887,99.8945999145508,106.578369140625,100.896965026855,106.63875579834,104.281684875488,97.6504592895508,89.1906051635742,84.2564086914062,102.196006774902,85.531120300293,113.546447753906,106.840026855469,97.9285049438477,112.866600036621,103.180442810059,99.4652328491211,95.6040420532227,70.8109436035156,84.5256729125977,99.7857513427734,96.2659149169922,103.561096191406,101.68497467041,101.354949951172
"Rogue River-Siskiyou National Forests",64.7109146118164,92.7789001464844,80.0843200683594,72.1255187988281,78.7216110229492,61.1852111816406,75.3149490356445,67.6601104736328,83.8091354370117,73.5010833740234,67.0200653076172,60.1690444946289,80.6642913818359,66.9160766601562,60.376148223877,59.2305450439453,72.3687286376953,75.9254150390625,86.7148742675781,76.5011901855469,74.6546630859375,70.2351303100586,60.394115447998,67.3949584960938,64.0833969116211,79.6583786010742,64.8505935668945,84.0145874023438,67.7722320556641,69.1336212158203,73.6657485961914,74.5902786254883,73.3184814453125,54.974365234375,41.8969459533691,62.5638389587402,77.5091705322266,58.1503448486328,77.0966567993164,71.2973785400391,79.7009201049805
"Mt. Baker-Snoqualmie National Forest",99.288948059082,117.223808288574,99.8157043457031,110.424194335938,112.39722442627,103.133033752441,96.9232330322266,102.053848266602,106.508697509766,95.5277099609375,103.728363037109,83.2596969604492,109.466552734375,93.0711288452148,97.9494400024414,104.336288452148,109.733085632324,97.25341796875,114.508651733398,108.73323059082,108.40885925293,116.221038818359,102.656463623047,92.7954025268555,83.3482437133789,100.367652893066,99.9181747436523,113.706481933594,109.969505310059,95.262336730957,119.63069152832,108.520721435547,104.055313110352,101.359687805176,74.1438751220703,86.3133697509766,113.77710723877,101.128082275391,101.543830871582,107.052757263184,106.679763793945
"Olympic National Forest",61.5290069580078,85.799072265625,60.7346267700195,64.7004623413086,94.7138290405273,63.8695297241211,64.7182540893555,71.9039154052734,89.2487716674805,73.1216812133789,65.0186386108398,51.6594886779785,78.0899353027344,64.8266372680664,58.3017272949219,65.9214019775391,74.5671463012695,62.3809242248535,80.3667831420898,81.9617614746094,78.3154067993164,82.0486297607422,56.6926574707031,64.2517395019531,67.1213607788086,65.4911422729492,71.9720687866211,88.1057815551758,88.1483993530273,52.9877433776855,85.7656021118164,80.5814361572266,76.0739440917969,66.2484970092773,42.8856811523438,60.1751518249512,88.7556076049805,67.9421768188477,81.1667556762695,71.0182037353516,76.6904449462891
"Ochoco National Forest",105.486038208008,113.130989074707,101.781692504883,112.283355712891,100.945602416992,89.3677673339844,99.0339965820312,93.8191909790039,100.709686279297,91.1305923461914,96.068733215332,80.0592956542969,109.380805969238,88.6639862060547,85.5286865234375,87.1427612304688,98.1272735595703,100.751502990723,109.702453613281,101.132362365723,105.779441833496,100.752456665039,95.4728622436523,89.9798965454102,87.2731704711914,108.597763061523,84.6976928710938,113.259132385254,106.170547485352,100.006736755371,109.556190490723,104.674789428711,99.3340072631836,94.5807800292969,67.957275390625,84.2659149169922,99.8193969726562,96.6475372314453,104.374473571777,98.9282379150391,101.79670715332
"Deschutes National Forest",113.777679443359,124.673751831055,119.914093017578,123.630226135254,107.566429138184,94.1142959594727,101.994918823242,101.526107788086,105.47533416748,95.4647827148438,110.910400390625,86.0915603637695,117.705459594727,96.6997604370117,97.5961532592773,95.7615737915039,107.962272644043,109.30696105957,121.128723144531,107.549423217773,110.627281188965,107.488616943359,107.768035888672,93.655632019043,96.9109039306641,115.364028930664,93.7289962768555,121.456817626953,113.528617858887,112.228797912598,121.564430236816,113.431632995605,104.144027709961,99.2231216430664,70.3393936157227,90.7874221801758,110.085266113281,102.115921020508,108.901512145996,106.870216369629,109.100440979004
"Umpqua National Forest",76.0904083251953,107.510047912598,91.4599075317383,83.3658447265625,91.6020812988281,69.5723190307617,79.6919860839844,76.6588287353516,89.4186935424805,79.89599609375,77.3151321411133,67.3151016235352,89.9660415649414,76.3122253417969,69.386100769043,67.2770004272461,83.6161651611328,81.1061325073242,96.1123580932617,87.0076904296875,82.0634994506836,80.021369934082,68.5547790527344,71.2849044799805,72.4628219604492,86.4568862915039,73.0938110351562,93.7370758056641,78.2765121459961,74.19970703125,84.2451934814453,84.3403244018555,81.5496215820312,65.4369583129883,47.2489433288574,67.2414474487305,85.2182540893555,65.6322784423828,88.326545715332,82.7407073974609,88.7774353027344
"Green Mountain and Finger Lakes National Forests",98.2759094238281,116.649696350098,116.169998168945,116.040214538574,112.471672058105,106.795036315918,104.380386352539,111.547889709473,120.208503723145,109.811935424805,105.950637817383,120.233558654785,111.127250671387,116.931411743164,114.717613220215,119.907485961914,117.244827270508,104.236099243164,113.130561828613,107.60147857666,117.170700073242,106.436950683594,112.258163452148,112.435958862305,110.956428527832,107.241065979004,114.815635681152,111.392272949219,111.813453674316,98.7460250854492,116.667411804199,91.048095703125,115.737731933594,115.955718994141,116.948318481445,108.182403564453,106.083015441895,120.365753173828,112.170906066895,115.330574035645,99.9720993041992
"Ottawa National Forest",111.231903076172,121.903694152832,126.743103027344,117.28776550293,112.829162597656,113.872680664062,104.348129272461,120.627265930176,120.507293701172,114.765266418457,112.296379089355,124.02953338623,124.044578552246,117.154281616211,127.455856323242,134.065277099609,124.985496520996,108.543281555176,116.424415588379,117.820137023926,117.00284576416,125.065277099609,117.076560974121,124.968864440918,106.000396728516,109.096305847168,111.996124267578,122.928375244141,121.105712890625,100.850082397461,125.848098754883,82.1783447265625,128.967041015625,130.013519287109,117.751976013184,114.150825500488,118.793258666992,125.187637329102,124.943748474121,131.318771362305,109.75269317627
"Black Hills National Forest",94.0711441040039,105.321014404297,107.540115356445,113.070388793945,104.090690612793,95.4662780761719,104.851348876953,99.9760437011719,105.084533691406,109.031311035156,102.481155395508,96.1205291748047,112.634552001953,102.764213562012,94.8924942016602,106.039459228516,104.496971130371,108.771934509277,98.311882019043,101.258361816406,112.37361907959,109.724388122559,100.744766235352,92.7051620483398,93.6229400634766,97.9464721679688,88.6323318481445,116.023460388184,97.8608627319336,105.909683227539,107.860961914062,84.2837905883789,112.760925292969,109.431312561035,83.6765747070312,87.1584167480469,86.8472442626953,116.237525939941,108.594734191895,109.776290893555,99.7956924438477
"Ouachita National Forest",54.7960014343262,52.8800201416016,52.0448112487793,48.3425636291504,61.6897773742676,38.843635559082,47.9820823669434,58.5150489807129,45.5583114624023,35.9920120239258,52.0692443847656,43.8374710083008,56.3610649108887,53.4443626403809,51.2539443969727,47.9699096679688,49.0160522460938,43.1857032775879,37.1066780090332,42.8699417114258,51.9291763305664,44.8144989013672,57.0832366943359,57.3602828979492,44.2666015625,31.0566158294678,56.2402992248535,50.3246002197266,46.7702980041504,67.6352157592773,51.0003547668457,37.3643684387207,47.7495155334473,61.2785873413086,64.2210235595703,48.9320526123047,35.8400001525879,50.6463623046875,47.123893737793,40.5538063049316,57.9390106201172
"Chattahoochee-Oconee National Forests",61.3767051696777,51.5042190551758,56.8881759643555,57.2727661132812,60.7930450439453,47.9597320556641,55.4981727600098,61.1270523071289,35.4185180664062,33.8328857421875,43.0335273742676,43.7762756347656,43.824089050293,53.4974899291992,53.1850318908691,55.4819221496582,44.7997741699219,47.6579704284668,35.2697296142578,48.2928695678711,48.649829864502,40.3037757873535,56.6884841918945,57.9463882446289,46.0037994384766,39.494873046875,53.361011505127,50.8672180175781,52.2270355224609,70.0105438232422,55.1237487792969,38.4630241394043,44.7944145202637,59.0913391113281,61.203987121582,48.8486480712891,31.5050048828125,45.5574226379395,41.9002151489258,36.7118301391602,50.3283576965332
"National Forests in Florida",32.3615875244141,23.5978546142578,28.6953125,26.5352420806885,32.0295486450195,22.3310832977295,21.6801242828369,24.3866348266602,14.8709287643433,20.0383815765381,23.969066619873,28.0481605529785,15.3286428451538,27.8427715301514,24.7233409881592,24.8933544158936,20.0367908477783,18.6845397949219,20.883638381958,22.8467750549316,26.8803615570068,23.7240447998047,30.5289459228516,26.5734729766846,15.8506278991699,22.1658039093018,15.0964279174805,23.8708305358887,28.64235496521,30.7090759277344,29.9390678405762,23.8893127441406,14.5829057693481,29.8449535369873,24.300479888916,27.0561389923096,18.2293739318848,27.2144107818604,22.4477787017822,14.8781204223633,24.8801364898682
"National Forests in Mississippi",46.6645851135254,36.8206634521484,43.6898231506348,46.0338439941406,53.2444076538086,34.5380325317383,39.6811790466309,45.4426498413086,28.4691886901855,25.9204750061035,36.0093231201172,36.8318901062012,32.866081237793,41.1249732971191,36.9796142578125,40.0696487426758,36.3735046386719,35.9250640869141,26.0905246734619,31.3121719360352,41.6236038208008,29.5896854400635,46.2970428466797,45.1042175292969,31.7182331085205,27.5792503356934,36.5292129516602,39.1818389892578,38.5970497131348,57.7462501525879,42.6380920410156,26.8609390258789,30.3470764160156,50.6138572692871,45.396312713623,36.718578338623,20.4047203063965,42.5303268432617,33.1630592346191,23.463716506958,32.4969062805176
"Francis Marion and Sumter National Forests",54.5083847045898,46.3860931396484,53.4235725402832,48.4365158081055,55.4157943725586,42.3608474731445,49.2983169555664,56.1253776550293,32.674934387207,30.0148773193359,37.5184707641602,39.5921020507812,39.000545501709,46.9540596008301,49.8671073913574,50.1517486572266,40.6805076599121,42.419620513916,31.8559322357178,47.0310478210449,43.846492767334,34.9648971557617,50.2697525024414,52.6974182128906,42.8369636535645,33.302116394043,47.128776550293,43.6761322021484,44.8739128112793,63.8771057128906,50.331958770752,34.121150970459,31.2120590209961,49.7240295410156,51.2506141662598,41.8877868652344,28.7872714996338,43.8095321655273,38.6809959411621,27.7326583862305,43.3583450317383
"National Forests in Texas",38.7003898620605,34.9283790588379,41.509033203125,42.0519561767578,49.5472068786621,28.2598876953125,33.7409858703613,41.003116607666,28.7087593078613,22.6290473937988,36.1461753845215,33.6442222595215,31.6416931152344,32.6433029174805,30.096981048584,34.0676383972168,35.5961837768555,30.9490566253662,25.2288608551025,22.1237277984619,37.1540679931641,29.8877849578857,35.4587249755859,35.8453559875488,28.2307796478271,26.581693649292,41.3837814331055,35.3938484191895,31.8623561859131,46.0469245910645,39.2244186401367,24.8487873077393,28.4931659698486,42.3406791687012,37.3967971801758,31.9143619537354,21.7302303314209,41.2504196166992,31.8245124816895,21.7656688690186,30.3153305053711
"Cherokee National Forest",81.2754516601562,62.9748954772949,70.485481262207,77.9547119140625,72.0248947143555,66.030632019043,72.8363647460938,74.8471908569336,52.6105995178223,45.7028694152832,62.3591270446777,59.0473442077637,67.0517578125,70.6143188476562,65.4537124633789,69.4458465576172,57.1119422912598,65.8735656738281,54.452823638916,57.6040878295898,66.336067199707,62.9416046142578,70.070068359375,70.5755233764648,60.6480484008789,58.7861022949219,67.2544937133789,68.383544921875,66.6151733398438,80.6608352661133,66.2143936157227,54.0421371459961,74.6740646362305,76.3397750854492,75.0291366577148,68.5306701660156,45.3483123779297,51.7942276000977,53.1340522766113,55.4819679260254,66.2410659790039
"Land Between the Lakes National Recreation Area",62.1133880615234,67.5103225708008,62.9541206359863,74.6852493286133,66.36279296875,59.4578742980957,63.4405364990234,67.974235534668,68.6535949707031,40.2682609558105,67.3451843261719,53.0206108093262,70.3049240112305,66.9227066040039,65.7890167236328,57.234619140625,55.2828254699707,51.6636734008789,41.281307220459,54.5948829650879,68.5089645385742,60.3821907043457,75.0303039550781,64.5811538696289,55.1070899963379,46.4169731140137,63.0290946960449,67.9140625,64.6480560302734,71.742805480957,61.121654510498,46.143482208252,71.0245971679688,77.8985214233398,74.9497528076172,64.8618087768555,39.7255897521973,53.2654228210449,56.9474258422852,55.6614990234375,68.6834411621094
"Savannah River Site",48.0154457092285,37.7387847900391,43.161247253418,41.6509208679199,46.6748046875,36.2626686096191,39.0996170043945,42.9490280151367,29.3391265869141,23.0412483215332,33.1112098693848,33.8291893005371,32.4227409362793,41.4210739135742,39.5418815612793,42.2123908996582,32.6368408203125,34.7562065124512,25.173225402832,43.6533470153809,37.3715171813965,29.6472320556641,42.1208343505859,41.1148071289062,34.5380897521973,27.2054805755615,34.4802055358887,37.8754272460938,38.9697227478027,54.7734413146973,41.3698463439941,27.789234161377,16.8602619171143,42.1533470153809,36.4536933898926,34.4906272888184,20.4354915618896,39.713321685791,33.2802124023438,16.0220813751221,28.5525798797607
"Modoc National Forest",106.761650085449,118.445770263672,122.881797790527,108.736686706543,100.029724121094,86.1505966186523,101.61344909668,93.9279479980469,101.053886413574,92.5276031494141,106.592094421387,89.7715835571289,104.830047607422,93.748664855957,93.3476715087891,88.3303756713867,96.5979156494141,110.821166992188,114.043334960938,100.620941162109,102.674461364746,98.3665084838867,102.96166229248,88.0841751098633,101.075828552246,115.447677612305,85.4109420776367,114.526374816895,106.61302947998,109.565872192383,118.74649810791,109.852386474609,96.6595458984375,84.2425842285156,63.1812629699707,85.0541458129883,97.6501312255859,92.6449279785156,107.908622741699,105.234878540039,104.869674682617
"National Forests in Alabama",50.9568367004395,42.3254737854004,48.0422134399414,45.8308181762695,54.4770355224609,36.7230072021484,43.9954299926758,47.2367401123047,28.5678367614746,26.899019241333,36.8064002990723,37.6327705383301,34.0154800415039,43.8863525390625,43.5527572631836,47.4443435668945,37.4684066772461,41.5749626159668,26.8573970794678,40.131893157959,44.3597183227539,31.0022659301758,48.5094757080078,47.5141792297363,37.4022216796875,29.0870552062988,45.6328506469727,41.945484161377,40.8248405456543,61.0232467651367,48.1758842468262,28.9316501617432,30.6423587799072,52.2490577697754,50.8019256591797,39.5981483459473,22.5189743041992,42.744815826416,36.5448722839355,27.5610218048096,38.8765983581543
"Dixie National Forest",97.9864883422852,106.291015625,110.123725891113,107.30574798584,98.1697082519531,77.3241958618164,99.4680862426758,96.7266464233398,85.2311172485352,91.1591491699219,106.26985168457,94.5317306518555,98.8033981323242,90.4589996337891,87.1871337890625,84.7664260864258,91.2054214477539,104.150482177734,94.3898544311523,90.8853378295898,95.3434677124023,92.6996612548828,90.7332153320312,87.5941543579102,98.2823867797852,97.5431823730469,83.0294036865234,102.245277404785,93.2476272583008,105.069885253906,100.421684265137,91.3505783081055,93.9078903198242,86.2251434326172,77.0432815551758,84.7504653930664,82.2411499023438,87.3322448730469,100.544731140137,99.6940536499023,97.8971710205078
"Chugach National Forest",NA,NA,NA,NA,NA,NA,NA,NA,NA,NA,NA,NA,NA,NA,NA,NA,NA,NA,NA,NA,NA,NA,NA,NA,NA,NA,NA,NA,NA,NA,NA,NA,NA,NA,NA,NA,NA,NA,NA,NA,NA
"National Forests in North Carolina",73.0082397460938,58.9350051879883,65.8415756225586,68.3077392578125,66.9657745361328,59.167537689209,68.2537841796875,69.5247192382812,45.4146881103516,40.7536544799805,54.0265121459961,53.5944519042969,59.783130645752,64.6467514038086,60.7524871826172,63.8538665771484,53.4447479248047,59.1694030761719,46.997257232666,55.1726036071777,58.3005447387695,53.8923187255859,65.6042861938477,66.4685516357422,56.3188972473145,49.9650497436523,61.9749794006348,59.7139434814453,60.9819869995117,76.2981872558594,62.285083770752,48.8096351623535,64.7866287231445,69.0810699462891,69.2860946655273,60.9838180541992,42.3985748291016,49.4406089782715,48.9575386047363,47.3233337402344,60.8260650634766
"Arapaho and Roosevelt National Forests",107.59814453125,113.526039123535,125.603164672852,126.904243469238,112.633781433105,103.345077514648,111.28539276123,116.052764892578,106.682601928711,117.485824584961,114.188613891602,106.931915283203,119.084983825684,108.215393066406,111.896980285645,109.089645385742,108.99877166748,116.099960327148,112.96607208252,108.491416931152,115.062927246094,112.973365783691,111.340202331543,103.211410522461,111.724311828613,109.410697937012,104.738136291504,123.61897277832,104.31298828125,119.931884765625,118.485275268555,98.0822525024414,119.719268798828,114.729644775391,101.300079345703,106.664848327637,96.5308456420898,113.713401794434,116.032943725586,114.408843994141,115.262718200684
"San Bernardino National Forest",33.4839134216309,43.689136505127,39.9621391296387,35.1505241394043,45.0348777770996,30.2639255523682,42.843090057373,40.881175994873,45.2540893554688,44.2862586975098,37.6483306884766,36.9894943237305,39.2926826477051,34.0358085632324,36.9135475158691,31.5240631103516,35.9007682800293,37.447193145752,33.8278427124023,30.1158618927002,44.096118927002,37.1580276489258,25.73952293396,38.2180137634277,37.6027183532715,34.2448081970215,38.1372032165527,42.303150177002,28.7716598510742,40.0725898742676,36.5234527587891,31.6830348968506,38.2341690063477,23.3181285858154,28.8145732879639,33.9364166259766,38.1939468383789,26.1413879394531,37.3075218200684,31.0882472991943,30.3596515655518
"Tongass National Forest",NA,NA,NA,NA,NA,NA,NA,NA,NA,NA,NA,NA,NA,NA,NA,NA,NA,NA,NA,NA,NA,NA,NA,NA,NA,NA,NA,NA,NA,NA,NA,NA,NA,NA,NA,NA,NA,NA,NA,NA,NA
